,query,query-label-expert
1187,Anyone want to trade china rising for my project spark beta code?,1.0
1346,Need Gyrados but adding everyone!,1.0
1272,Urgent! Please Read.,1.0
523,What is the most gutless thing you've seen a player do?,1.0
195,Have an extra code for Saints Row IV Season Pass. Anybody interested?,1.0
903,Can anyone find this?,1.0
1434,What kind of internship for Finance major?,1.0
708,Help with killing Rorarii?,1.0
490,does anyone know of a website where I could order replacement parts for the k-101?,1.0
1450,Do you have a style?,1.0
6,I stand and talk on the phone all day in a medical setting. My neck is beginning to really bother me. Does anyone have any recommendations for a small bluetooth headset?,1.0
143,Has anybody here participated in a long retreat?,1.0
1370,Best paying math jobs - Where's the big $$?,1.0
278,Does Mickey Swear in S2E4 'School Reunion'?,1.0
294,"What happens if I took a piss outdoors, at -50 degrees c?",1.0
1492,"Reddit, Why is there physical pain when you're in love?",1.0
287,"Hey guys, how about a CB.",1.0
563,16/f/US looking for snail-mail penpals who will respond.,1.0
597,ELI5 How Name Brand Medications And Other Products Sell When Generic is Available at Lower Price,1.0
1215,Sequence 6 - What Stede says to Edward...,1.0
888,What are your top 'unknown' movies?,1.0
897,Add me as a friend please,1.0
125,What's going on in this picture?,1.0
578,Any eating tips for early morning workouts?,1.0
327,"If a TV Show is rated 'TV-MA', why don't they say 'Fuck'?",1.0
319,What is the strangest coincidence you have experienced?,1.0
1379,What Stainless Steel Profiles Are &amp; Their Uses,1.0
477,Is a 15.6' screen really portable?,1.0
1106,How did the aftermath of World War 2 get cleaned up?,1.0
131,How can you be sure that you've been friend zoned?,1.0
1441,Mining issue: any suggestions?,1.0
1185,ELI5: why do finger tracings on glass stay for a long time?,1.0
1299,What happens if your rematch doesn't send anything?,1.0
431,What fact always cheers you up?,1.0
1002,What's a good fantasy book series with a female protagonist?,1.0
656,"Redditors who posted on R4R, does it really help? What's your experience?",1.0
1242,Why not solve base raping 1943 style? No points for shooting into or from deployment areas.,1.0
665,"[TOMT] Surreal,weird webcomic where some guy is kept prisoner on some planet &amp; starts mutating",1.0
154,What makes a song so catchy that it stays in your head all day?,1.0
1202,Breloom? Excadrill? What else is cool?,1.0
1291,"In a relationship, what is the difference between 'keeping secrets' and personal privacy? What is and isn't a person obligated to disclose?",1.0
574,Do you use live looping in your performances?,1.0
348,Where to buy contact lenses?,1.0
723,How can I write to the people in charge of the '1345' service?,1.0
1294,"Ordered a damaged Nykthos, got it in the mail today. Anybody recognize the signature on it?",1.0
841,How do you guys rack up the coins?,1.0
1022,Hey West Coast Canucks! how are those BRODIE bikes?!,1.0
617,"Bros, do you like to chase or be chased?",1.0
1367,I put my transfer in to Orlando...now what?,1.0
191,What are some of your favorite stand-up specials currently on Netflix(or just in General)?,1.0
1239,How could I trick my sister to suck my dick instead of her boyfriend?,1.0
510,"Silver linings, and how do I start things with a counselor?",1.0
434,I'll add anyone,1.0
1151,Any poly recommendations for finishing wooden parts on a boat so it will last?,1.0
845,Do any of the lady smokers here lie to your doctors about it?,1.0
92,"With conservatives waging all out war on abortion rights in red states, why aren't progressives doing the opposite in blue states?",1.0
964,POV where man is silent and somewhat of a story?,1.0
1213,This is how my WoW addiction began,1.0
152,"Want to order a phone from Amazon UK, any possible issues?",1.0
415,Why do chicken coops have only two doors?,1.0
406,How do you think a highly intelligent alien space scientist would describe us humans to there kids?,1.0
639,"Reddit, what gross thing about your body do you take sectet pleasure in? Why do you think you like it?",1.0
473,Is anyone good with names?,1.0
1069,Any pools with punch cards?,1.0
646,why ur life sucks if you are not in cs,1.0
936,"Tattoo artists of reddit, Why won't my machine run?",1.0
443,Has anyone else ever gotten their own pokemon back in a wondertrade?,1.0
174,What's an idea for a reality show you hope to god never gets made?,1.0
386,What a difference 5 month can make with African cichlids,1.0
1288,[video]Alan Watts - What if Money Were No Object?,1.0
1335,Anyone at London Heathrow on the 5th?,1.0
1240,"Why We Ride - Dearborn, MI",1.0
603,What do you do while Reddit is down?,1.0
748,How do I know if my dogecoin-qt wallet is the right version?,1.0
664,What's a clever senior quote (preferably an innuendo)?,1.0
1361,What's your most memorable tailgating experience?,1.0
1089,What are your favorite/current smart phone wallpaper?!,1.0
1347,'Ask Me Anything': How a Weird Internet Thing Became a New Form of Media,1.0
1485,Why do the video posts come from Youtube and not Roosterteeth.com/achievementhunter.com?,1.0
290,"ELI5: why are some people slow right after waking, and others are immediately alert?",1.0
544,What font do you use when typing in Japanese?,1.0
1177,ELI5:Why does my tea get hotter in this plastic 2 litre bottle?,1.0
84,Lone Redditors: why does everyone hate you?,1.0
978,How many times is too many?,1.0
1178,how can I post a picture to reddit from my moto X?,1.0
630,So what's the deal with Colorado street prices now?,1.0
1318,"[Admin] All player building and contents thereof disappeared, but what I had on me remains. How?",1.0
1436,"I make tons, TONS of typos with the windows 8 onscreen keyboard compared to the ipad I upgraded from. Does this happen to anyone else? Is there any way to improve typing accuracy?",1.0
696,How many times has Lloris been chipped this season?,1.0
944,Why did I almost pass out today?,1.0
286,What are some less obvious ways to order a virgin drink?,1.0
1417,ELI5: What is cryptocurrency?,1.0
594,What are easy daily activities you think people should do every day in Runescape?,1.0
344,"Random thought, Has anyone ever tried 'chewing' Marijuana?",1.0
566,What company will be going out of business in 2014?,1.0
1411,"Ladies and gentlemen, in one sentence, what is the perfect way to describe the taste of a vagina?",1.0
690,"Reddit, I'm taking a second shot at school, got any tips for studying/staying on task?",1.0
938,So how's the new Xbox One controller compare to the 360?,1.0
598,"Ok that didn't work, how about Emma frost code for a Loki code?",1.0
454,Who was the saddest death ever in fiction?,1.0
371,What was your New Year's Resolution? And may I please have a hug?,1.0
329,[H] Two (2) Male 6IV Adamant Shuppet with Disable [W] Any 6IV Male with two (2) egg groups,1.0
1376,Has anyone ever gotten a free mattress from Mattress World?,1.0
1322,What is the maximum bandwidth of an Airbus A380?,1.0
711,Predictions on how the Bulls season end?,1.0
1388,Good. Your awake. Do you remember your name?.....Rorschach.,1.0
1138,"What about armor pen boots,instead of zerks ?",1.0
324,About to purchase FFXIV what server should I choose?,1.0
314,How can one escape the effects of a bad natal chart?,1.0
1152,What is the most meaningful gift you have either given or received?,1.0
1085,[6th] LF: Any breeding leftovers!,1.0
8,[NSFW] What is the biggest lie you've ever told on the internet?,1.0
167,Help with uncircumcised penis.,1.0
256,"And Why Do We Fall, Bruce?",1.0
820,What's the biggest video game achievement you've ever accomplished?,1.0
861,I am looking for a charity through which I can sponsor a child in Honduras. Does anyone know of any reliable ones?,1.0
813,What's the best nature for a Dragon type?,1.0
134,"How would history be different if women were the physically larger, stronger gender?",1.0
545,Any frogadiers or dittos!!! I have fight,1.0
611,[Serious] What haunts you?,1.0
1133,Need help with my pokedex FT: any pokemon i have that you need :) 6th gen,1.0
777,MyCareer problem - Anyone else?,1.0
554,What Pen display should i buy?,1.0
135,"Hello Reddit, Would you date someone who is Genderfluid?",1.0
1308,What have you done this week to make you feel proud?,1.0
1233,What was your most mana efficient move?,1.0
220,So here is a question I'm not sure has been asked before: How can I go about finding work with a broken arm and wrist?,1.0
586,What do you consider as being totally geared out? What weapons / clothing / items?,1.0
405,22 M4F - I need to breed! Please oh please let me knock you up!,1.0
321,"Eli5: when microwaving food, why does the plate gets hot but the food stay cold?",1.0
295,"Women who are experiencing/have experienced painful sex, vaginismus, dyspareunia, vestibulitis, etc...",1.0
885,Bald/Balding men of Reddit. How do you feel about your hair loss?,1.0
1354,How to compress video?,1.0
670,[QUESTION] How do you deal with left-over ingredients?,1.0
1389,What are the wizards' physical abilities and limits?,1.0
1311,ELI5: why does my back itch like crazy after a shower?,1.0
1165,Anon discuss why thread is cancer,1.0
569,What's a good subreddit for someone who likes to read interesting articles?,1.0
499,How does an artist decide which song will be a single?,1.0
760,Why are toilet bowls round in shape?,1.0
1281,How to responsibly take advantage of maxed deductible?,1.0
830,What are the best card packs to buy/save up for in myTeam?,1.0
463,What is the proper etiquette to refuse somebody who wants to hold your baby?,1.0
317,Anyone want to team up for some conquest? (Central Time),1.0
1,What's the worst thing you did as a teenager?,1.0
974,The great male dichotomy: Why being male sucks: Why we make each other great.,1.0
543,How would you describe Reddit in one sentence to someone who's never seen it before?,1.0
911,Why did the Japanese abandon the Imperial chrysanthemum and when?,1.0
35,How well can Yoshi hold up?,1.0
538,"I always boot into safe-mode, but restrings works. why?",1.0
238,How many of you use rolling machines?,1.0
132,Why?,1.0
601,"Does taking cold shower, leaving your feet in cold water, etc really help?",1.0
1442,"[Serious] Reddit, what's the most regrettable sex you've ever had?",1.0
675,LF Ditto safari please,1.0
1198,What kind of people do you not like eating food with?,1.0
1364,Anyone catching the Salt Lake City show?,1.0
577,What is naturopathic medicine?,1.0
1473,How long will my natural hair color return after using Manic Panic?,1.0
788,What hats are acceptable to wear in a professional setting?,1.0
1387,"If you could be famous for anything, what would it be and why?",1.0
372,Anyone know where I can find some hip/durable iPhone 5 cases?,1.0
310,"What makes some materials (glass, diamonds, sapphire) transparent and others opaque?",1.0
438,Here's what the NSA is up to in 2014,1.0
315,Which resolution for 2014 have you broken already?,1.0
805,"Women of Reddit, what do you think are good reactions of men during movies? i.e. crying during romantics",1.0
1184,What are some of the horrible things 2013 produced?,1.0
1238,"you wake up on the streets of Las Vegas with $3525 in cash, what do you do now?",1.0
420,What words do you think have lost their true meaning?,1.0
549,Why must my cat sleep on everything that belongs to the baby?,1.0
590,ELI5 \u2014 Why does my hair pick up static electricity when I brush it?,1.0
894,"Reddit, do you know any students accepted into Ivy League (or similar) universities?",1.0
860,"What smells better? A warm tube amp, or a freshly opened guitar case with a nice nitro finished guitar inside?",1.0
1124,"Where to find deck guides, best performing decks/players, etc?",1.0
1216,How do I save my potted plants from cold and wind damage??,1.0
624,ELI5:Why do popular posts on reddit get so many downvotes?,1.0
223,How do I join.,1.0
714,Should you do what you like or what you're good at?,1.0
822,What was the most ridiculous reason you've gotten detention over?,1.0
980,"Should I 33F cut ties with my once amicable 42M Ex? If so, how??",1.0
979,What songs are predominately...,1.0
62,Anybody rebut David Simon?,1.0
389,Any game ideas?,1.0
575,"gamers with gamer kids, How much do you let your kids play?",1.0
990,"If your partner's sex skills were a comic book character, who would they be?",1.0
207,I've lived here and worked here for 4 months now. I just left my job in sales at Teavana. Anybody hiring?,1.0
1391,I have a knack for computers but my resume sucks. How should I prepare for a web dev bootcamp and getting hired afterwards?,1.0
781,Has r/4chan all but ceased to exist for anyone else?,1.0
532,How long does it take to get placed in the industry?,1.0
716,What do we do?,1.0
661,Critique my resume - please.,1.0
81,What tournament is about to start?,1.0
1348,Need help choosing a projector. Epson TW5000 or BenQ W1070.,1.0
268,What's up with all of the hostility?,1.0
1160,"Hoping for a little tech help here if anybody has some clues. Been googling, so far no luck setting up synclient/trackpad settings on boot.",1.0
660,What happened at the 24hr fitness in Costa Mesa? (Avenue of the Arts location),1.0
1349,Anyone else have half power out?,1.0
626,What is the weirdest thing a stranger told you without speaking?,1.0
1031,How about allowing respawn if you've been alive for at least 5-10 mins?,1.0
1398,"[m] am i? also, guess my age and where i'm from!",1.0
997,What's the easiest hockey position to learn?,1.0
269,"Reddit, what is the best part of your life right now? [Serious]",1.0
1049,"How did philosophers like Plato, Aristotle and Socrates make a living?",1.0
358,What 'As Seen on TV' product fails at its intended use?,1.0
618,Did anyone else's HM slave become a powerful pokemon?,1.0
1204,"Reddit, I need your help making a decision.",1.0
2,What is your biggest regret?,1.0
307,Are there any phones coming out that I should save my upgrade for?,1.0
703,What build are you currently playing and whats your iiq/iir? Do you have a dedicated MF toon?,1.0
939,Equal testing standards - what is your opinion?,1.0
1476,What are you weirdly nostalgic of and have a hard time throwing away?,1.0
211,MAPS-NORML Study tells of THC transfer rates. Are you wasting weed?,1.0
1219,2Smokers - whats a good early 2000 2smoke?,1.0
23,After really pulling for Mike Zimmer hire I'm having second thoughts after hearing about who who going to be his Offensive Coordinator and Defensive Coordinator.,1.0
1080,"Redditors that live alone, any suggestions on coping with loneliness at home?",1.0
1268,How many other vfws are here?,1.0
676,What evidence from your particular area of study do we have of the commoner's thoughts?,1.0
634,What does Caesar Clown say when he laughs?,1.0
751,"Redditors, what are your thoughts on the allocation of resources in the education system?",1.0
1454,What peasants think it needs VS. Reality,1.0
620,How do you think the world would react if super-powered beings really existed?,1.0
1304,Wtf!?,1.0
252,"I went to my local flea market, figure I would share what I picked up",1.0
21,"Noob Question, but how would a deck like this win?",1.0
332,Anyone selling books for Black Studies 170 or Math 6A?,1.0
568,What do you think of your SO getting a lapdance from a mutual friend?,1.0
43,[Vista] Any New Orleans people here?,1.0
102,How to convince the rest of my league to do a dynasty league?,1.0
345,What is the difference between a protractor and a contractor?,1.0
51,Why we're there no large protests about Iraq and Afghanistan?,1.0
808,"What event do you believe is told wrong, documented with bias, or just plain untrue and happened in a whole different way? [SERIOUS]",1.0
209,Is it grammatically incorrect to say 'He has been annoying me'?,1.0
116,I'm a British deserter on the Western Front during WW1. While trying to escape the trenches I am discovered by American soldiers. What happens to me?,1.0
870,ELI5: What are Sin Cos Tan doing?,1.0
1394,What is your most controversial opinion?,1.0
68,Why does getting too much sleep make you feel tired?,1.0
855,"What causes some apps to just close suddenly? and why do some do it more often? (Reddit apps, Facebook)",1.0
720,Why is this subreddit not called 'Retales'?,1.0
41,Please stop playing Miss Fortune.,1.0
1341,"[Build Ready] AU$1,100 gaming rig, looking for any advice before I pull the trigger.",1.0
519,How would you react if Reddit was bought by Facebook?,1.0
869,Why did all my materials get tinted pink/purple?,1.0
802,"[Serious] Reddit, what is a good quote about the ocean or beach to turn into a tattoo?",1.0
864,"Girls of reddit, what are some ways you pursue a guy?",1.0
794,How did your parents punish you?,1.0
529,Why don't people trying to make money off referral programs just refer themselves using a proxy and different email?,1.0
1136,What kind of rain gear do you guys use? Any suggestions?,1.0
599,Rules we need?,1.0
461,If you were in charge of the legalization of marijuana in your state would you do it? Why or why not?,1.0
815,"Reddit, what amazes you?",1.0
1276,ELI5: How did Victorian police determine who the killer was? Like what sort of methods of evidence did they have?,1.0
776,Anyway To Reduce Pass-thru Input Lag When Playing Xbox 360?,1.0
948,What is the most underrated scene/episode of Breaking Bad,1.0
56,How many surgeries are too many?,1.0
1130,Can someone please explain how this code works line by line?,1.0
88,"Anyone else having problems streaming Netflix, standard or high def?",1.0
662,Bug safari (LF Sawsbuck Cacturn and Luxio but will add anyone),1.0
1324,What is the best online resource or iPhone app to learn how to play the guitar?,1.0
190,"Dear redditors, What would you do differently if you knew nobody would judge you?",1.0
276,Why are you doing this,1.0
691,What's your favourite acoustic song?,1.0
355,So....does anyone have any idea where MC is heading?,1.0
515,"If you could give any advice/tips to people playing your class/profession, what would they be?",1.0
812,Who would win in a street fight? Chuck Norris or Steven Seagal?,1.0
773,What was your favorite corner moment in 2013?,1.0
178,Where the hell are the defensive settings on PS4?,1.0
1026,"Reddit, what would your band name be?",1.0
106,Any recommendations for vintage video game shopping in the Tampa Bay Area?,1.0
38,What does Mother Gothel do?,1.0
1032,Credit/Debt Counseling? How does it work for the average Joe?,1.0
200,Anyone else having Lag on NA servers?,1.0
1039,How much money can you earn by streaming by 1000 people?,1.0
48,Have you ever used your 'trans superpowers?' What did you do?,1.0
541,Have you bought a game after Etho played it?,1.0
993,"Reddit, what is your creepiest experience you've ever had?",1.0
895,How do you guys feel about the fight pass after the event?,1.0
857,How cold is too cold?,1.0
753,What a lovely cat.,1.0
179,At what temperature outside does the 'Throw boiling water into air to make snow' trick work?,1.0
133,"My roommate gave me his old Sony Vaio, no idea what to do with it",1.0
972,How many people use Bitcoin?,1.0
76,"[Serious]Those of you who dislike math/science, why?",1.0
1475,Where to find LFC Games to download for an ill old LFC fan,1.0
101,It seems like many conservatives have a real problem with global warming...why?,1.0
537,[NSV] (hope I used the right tag) why I do this. +short term goals,1.0
739,To any and all Shadows Fall fans...,1.0
476,Why I would like Google Glass,1.0
161,Does anyone know what percentage of benign tumors metastasize? Is it even possible?,1.0
244,Any advice for someone getting angry at everything?,1.0
303,Buscando agua da\u00f1ada audio y v\u00eddeo de la cinta,1.0
442,Who is your favorite porn star of all time and why? [NSFW] [Serious],1.0
1044,How do I know Sarah's a vegetarian?,1.0
330,How to feed my fish when I'm gone?? Help!,1.0
93,Nutrition guide for those of us who are struggling with money?,1.0
878,Will Add Anyone!,1.0
733,"For anyone who has pretty much fucked up a good relationship, how do you deal/resovle it?",1.0
837,Where to start?,1.0
989,ELI5:Why do domestic cats have slit-pupil eyes while other cats have round pupils?,1.0
98,What is your most interesting personal story that you have?,1.0
430,"Physics question, what is the force of R_1 and R_2 in the lower diagram? (link in text)",1.0
70,"Reddit, what was the best decision you made in 2013? [serious]",1.0
1339,"Looking for a steering wheel, any ideas?",1.0
877,"LF friends,still need alot of pokemon",1.0
1358,"How are you dealing with HIPAA in an Office 365, Shareporint and Exchange environment?",1.0
298,First psychologist appointment is in two days. Any advice?,1.0
1261,Why does my scalp get itchy when I eat spicy foods?,1.0
1222,What are some useful item or combination of items that you feel like sharing?,1.0
729,Which subreddit tab(s) do you always have open?,1.0
384,What the fuck is wrong with me?,1.0
231,Who here browses /vp/?,1.0
1303,ELI5: Why do I perceive differences in warm temperatures better than I perceive differences in cold temperatures?,1.0
263,What's the best theme for an iPad mini 2?,1.0
301,DayZ just updated (vers. 953)... now I can't see ANY servers.,1.0
113,What's your favourite non-fiction book?,1.0
1210,Any suggested New Year reads or resources?,1.0
669,Who here has done a lot of lsd? When I say a lot I mean shot glasses.,1.0
245,WHY DID I EAT THAT ROTTEN APPLE!!!!!,1.0
1092,ELI5: Why isn't magic a thing that humans can do?,1.0
1104,Why do our wisdom teeth develop so much later in life than a regular set of adult teeth?,1.0
67,What games for 2014 are you most looking forward to?,1.0
90,3 dog where art thou?,1.0
848,At what point does portal coincide with Half life?,1.0
29,Adding anyone that I find interesting :) Add away!,1.0
1099,Why are men obsessed with women's butts? We crap out of them [Serious],1.0
444,"Funniest guy I've seen in a while, all he does is smoking and talking.",1.0
441,Why am I still subscribed to /r/bestof? Seems like The Red Pill went from shitty to cool!,1.0
767,Any good SMS widgets?,1.0
712,How do bitcoins work?,1.0
1356,What guitar should I buy?,1.0
1142,(Spoilers All) What fan theories have been debunked so far?,1.0
901,[Supernatural] What are hell hounds?,1.0
1033,Anyone here got accepted on this forum?,1.0
73,What is your MOS and where are you stationed?,1.0
80,"Using PRAW, how do I get a redditor's username from his comment?",1.0
835,What 'gift' would you showcase Indy by for a large group?,1.0
78,What do you do to stay healthy? (Serious),1.0
453,I emigrated in 2010 and reading /r/britishproblems always reminds me why. Keep up the good work,1.0
919,"What if all the U.S. presidents were put in a room together, who would get the most respect from his peers?",1.0
672,What is your worst habit?,1.0
985,Where is the best place to find .357 ammo?,1.0
1075,What is the most important thing in your life right now? [Serious],1.0
432,What is with all the hype about Frozen?,1.0
766,Need help with summoner names!,1.0
640,"Reddit, what was sexsexsexsexsexsexsexsexsexsexsexsexsexsexsexsexsexsexsexsex [SERIOUS] [NSFL]",1.0
1157,"Religious followers of reddit, why do you do it?",1.0
906,Help with VanillaReload,1.0
1192,What 'resolution' do humans see in?,1.0
400,Which do you value more: intelligence or appearance?,1.0
1329,People of redditing who have been cheated on in a LTR...why do you think this happens or why did it happen?,1.0
934,[BF4] I suck at jets :( Can anyone help me unlock the UCAV?,1.0
1493,What is your favourite thing about Hitler?,1.0
100,Me [19/F] with my sister[27 /F] What should I do about my sisters behavior? Am I overreacting?,1.0
605,"Those of you who sell ad space directly to clients (not through an ad network), how doyou go about figuring out a fair price?",1.0
832,What is wrong with football coverage in the UK?,1.0
684,How do you all carry your mods around?,1.0
961,Anyone have a link for Thor: The Dark World?,1.0
932,Still lookin' for a Tyrogue or a ditto from anybody looking for a sneasel or a sableye.,1.0
58,For fellow Christians who are the religious minority...,1.0
277,Idea for rust? What do you guys think?,1.0
774,Help with Jimbo's Crosshair mod,1.0
1353,How to gain weight as an ectomorph,1.0
234,Who is the most interesting and talented writer ALIVE RIGHT NOW?,1.0
219,"Truck owners of Vancouver, roughly how much do you spend on your Autoplan insurance?",1.0
141,What is your DREAM CUT and COLOR? (post photos!),1.0
1397,ELI5: Why does water feel stingy-cold after using toothpaste?,1.0
369,What are your most productive Flies?,1.0
1227,What is your best I spy with my little eye word?,1.0
114,What were the additional 60 minutes of game play for the PS4? (AC4),1.0
1494,"[Unknown Safari] Will add anyone, looking for Hawlucha.",1.0
246,"If you rub your body really hard, showers are unnecessary.",1.0
1443,Looking for Forretres Safari. Will add anyone,1.0
1207,23 [M]. 6'3'. Never gotten a rating before. What do I look like? [+],1.0
1098,need techy help (FM related),1.0
5,What are the cars you want but can't buy in your country?,1.0
445,Where to be ?,1.0
883,[Help] Stopped gaining muscle and need help - Noob question.,1.0
704,[TOMT][song] Where did the Blues Brothers Band lift this horn riff from?,1.0
251,How close was Hitler to world domination?,1.0
589,How would you respond to the question 'How do you find all these cool games'?,1.0
385,"What are the must do things after your first build? (software, tweaks, etc.)",1.0
958,What is the thing your team needs to improve on most as we head into conference play? What do they need to fix before March?,1.0
1199,What's the deal with stuff degrading?,1.0
553,What would be the best Monstercat songs to hear at a live performance?,1.0
1286,"Have Ditto, Need Ditto, Will add others",1.0
840,"Looking to get into Classic Who, but...",1.0
456,Any tips on finding long enough clothes?,1.0
719,"What are my chances? [Biological Sciences subfield, MS or PhD]",1.0
1380,What would you realistically like to see with Cooper and Maclin this offseason?,1.0
140,What happened?,1.0
497,"I'm new to Reddit, What should I do first?",1.0
1097,What Harley-related gifts could I buy for my Dad?,1.0
735,How much does the walking dead 1 game affects season 2 game?,1.0
1383,"Where did this kills the penis"" originate?""",1.0
727,"Reddit, do you have any good/bad stories about past internships?",1.0
535,How you can make this grow!,1.0
173,What is the website?,1.0
1445,[VT] Pecan [LF] any cute villager,1.0
693,opinions on how to create this eye makeup look?,1.0
1217,Who else hopes the new Movie Trilogy deals with a new Mandalore?,1.0
1470,What's your worst regret when it comes to ' I should have said...'?,1.0
1259,How did you get introduced to Muse?,1.0
899,"Domestic violence/abuse survivors of Reddit, what is your story?",1.0
1491,I feel like i'm playing this game wrong. Any ideas?,1.0
3,"Reddit, what do you know that you aren't supposed to?",1.0
863,"Why is it that when you mistype a letter in your password, it's hard to remember what letter you mistyped instead of retyping your entire password?",1.0
663,What was your weirdest dream you ever had?,1.0
1159,why do most cases include 3-5 DVD drive bays?,1.0
353,What's the thing you want most to happen in season 7?,1.0
779,Need advice on where to find base building guide resources.,1.0
731,Can someone give a newbie a brief explanation on what these terms mean?,1.0
325,Jews and Christians: What's with how you treat charities?,1.0
1053,I am new to Borderlands 2. Any tips?,1.0
1147,Help with medical debt!,1.0
1116,Why are all the stats in [brackets]?,1.0
254,How would a superhero realistically hide their identity in 2014?,1.0
1174,ELI5: Why are lionesses the ones to hunt and not the lions?,1.0
368,LPT request!! Any advice on annoying deodorant stains anyone??,1.0
1102,What is the meanest thing you have done to a family member/friend?,1.0
926,[Mining] Does anyone have experience with mining on AMD Opteron 6380 ?,1.0
138,After he files a response what do I do?,1.0
521,What do you do for your girlfriends 18th birthday?,1.0
1137,What is a good site to get a cool iPhone 5c super hero phone case?,1.0
1340,"Mobile substrate is missing from my packages, what do I do?",1.0
1120,A Hooters-like restaurant opens with male employees. What's the restaurant's name?,1.0
1422,Who enjoys the 'Zippy The Pinhead' comic strip and why?,1.0
436,What drug would you never do?,1.0
527,How do I get rid of this border?,1.0
1200,"I've been thinking about what a Psychonaut, or an enlightened person goes through when they experience existence, and this is what I came up with. Hope you guys like it.",1.0
222,Anyone else think Steambox won't take off?,1.0
1357,What should I (f/20) do about this situation,1.0
224,Where are the best places to go quadding in south jersey? Preferably quiet(little cops),1.0
1325,r/boxing. On which side of the cold war are you standing on? HBO boxing or Showtime?,1.0
1296,"In a post-apocalyptic society, how wold humans treat each other?",1.0
208,"Reddit, how do you comfort yourself about the idea of dying?",1.0
75,"Reddit, if you were given time and money to research anything you like. What would you research?",1.0
144,"Besides Andrew Luck, What worries you the most about this match-up against the Colts?",1.0
810,What is the price of one electron today?,1.0
904,Anyone have a property management company taking care of their properties? Any recommendations? (Orangevale area),1.0
913,How would our society be different if women's breasts grew exponentially when sexually stimulated,1.0
667,"So many builds, what to choose?",1.0
1224,I just impulsively bought an Xbox One. What should I buy for it?,1.0
551,How do you get over the mental struggle when it comes to losing weight?,1.0
959,How do I know that it's over between me and my significant other?,1.0
129,Is it possible to make a charger that would charge instantly? Why or why not?,1.0
1107,"Reddit, if you've bought something, used it, then returned it as new, what's your justification for doing so? And, what's the most itneresting or expensive thing you returned?",1.0
819,I have fighters looking for dittos please,1.0
404,Can anyone recommend me a book that is similar to 'How to Change the World' by David Bornstein?,1.0
364,"Testing 2, please ignore",1.0
503,What would you guys like to see GW work on after the hobbit?,1.0
1472,How can I improve my relationship with my co-worker?,1.0
500,Anyone can help me choose hats that fit with hazmatenhatten?,1.0
1331,Has anyone called the numbers on memes or funny photos?,1.0
343,Has anyone ever painted on metal sheets?,1.0
382,Did anyone else just update?,1.0
44,"If humans were not restrained by the obstetrical dilemma, how many weeks, on average, would a fetus take to naturally gestate inside the womb before birth, and and how large would it get?",1.0
356,ELI5:Why does my nose run when it's excessively cold outside?,1.0
890,What is the most important event you missed because of over-sleeping or alarm malfunction?,1.0
824,How do u earn VC?,1.0
1414,What reasonably cheap/easily overlooked coins should I look out for?,1.0
471,What would happen if someone were to put there hand or other body part into the LHC?,1.0
1279,3 months into FM14 post how many hours you have played! Also discuss your experiences!,1.0
53,Martial artists who lift?,1.0
633,So I did it...and what now?,1.0
1305,"Doctors of Reddit, what are you doing while am waiting alone in the waiting room?",1.0
1051,"Reddit, what logical things can you not understand?",1.0
954,What is the best way for an attorney with finance background to set up an a joint RIA/Attorney's firm?,1.0
168,"Guys, what does it mean to you that you would bring up the possibility of moving in with a girl? [serious replies please]",1.0
446,How do we know we're pronouncing ancient languages correctly?,1.0
121,I do not know what just happened...,1.0
981,What is the reason you were born ? [silly],1.0
526,[season 1] what happened to Stark?,1.0
853,What do you do on a Friday night?,1.0
709,Who's your daddy?,1.0
86,For those of you that have had or have an online relationship how did it go or how is it going?,1.0
1449,"[MO] Claudia, the snooty purple tiger, [LF] Julian or any octopus villager.",1.0
177,So what happens if Sam gets sacked?,1.0
871,What happened to the homosexual with amnesia?,1.0
1009,Does anyone know where I can get some Youtiao,1.0
782,Casual Fun Anyone?,1.0
410,What a quantum computer will be able to make ?,1.0
247,"(NSFW). Women, when having sex, how much of importance is it to you to reach an orgasm?",1.0
65,What high school classes should I take if I'm planning to major in finance?,1.0
799,Anyone and Everyone,1.0
127,what is this project spark I keep hearing about?,1.0
296,"Employees of Subway, what is the most disgusting combo a customer has ever asked for?",1.0
1023,How aware was Count Dooku about Lord Sidious plans?,1.0
322,Why is it poop question,1.0
1463,"What is going on with Fukushima? With all the conflicting stories and evidence, what are the facts behind all the jargon and misinformation?",1.0
1112,Any entry level PC repair/support jobs?,1.0
495,"So, what exactly is the rebel flagship's fatal weakness?",1.0
1036,Any mirrors or youtube videos of the final episode of 24/7?,1.0
828,how feasible is renting mining time?,1.0
360,How do trivia game shows (a la 'Who Wants To Be A Millionaire') decide which questions are appropriate for certain money/difficulty levels?,1.0
491,What's the most inappropriate thing you've done at work?,1.0
1393,Who didnt recieve a secret santa piece?,1.0
334,"Elon Musk is a big Isaac Asimov fan, but how influenced is Elon by him?After watching this it's clear; Alot!",1.0
417,ELI5: What the whole polar-vortex thing is,1.0
160,lol what are you talking about the superbowl was cancelled that year lol,1.0
24,Has anyone been listening to KROQ?,1.0
512,Any Ents in Oxford?,1.0
189,Does anyone else get severe ankle pain in their front facing leg?,1.0
1029,Need help (Xbox 360),1.0
1360,Day 1/why im trying no fap,1.0
941,[20M] How do I look in this picture?,1.0
1438,Any advice for O&amp;S?,1.0
165,Whats the fakest thing about movies,1.0
163,How many Exes (ex boyfriend/girlfriends) have you had??,1.0
648,What do you think would improve your quality of life at Berklee?,1.0
169,Does anyone want to co-op some spartan ops?,1.0
514,Why are the bengals satisfied with Andy Dalton as their franchise?,1.0
1212,What gameshow do you want to be on?,1.0
1320,To what do you attribute the growth of this subreddit?,1.0
908,Really cheap gp website,1.0
487,What about Kills Per Minute as a stat to track?,1.0
949,How much rain does a flood take?,1.0
69,Have you ever been physically hurt for anything you said?,1.0
1251,Does anyone have a VTX3D R9 280x GPU? I'm finding it difficult to get information about it.,1.0
583,"How can I get a list of all shared folders, and their security permissions on a windows 2003 server?",1.0
746,"Fellow Designer's, what would you do in this situation? (Workplace Drama)",1.0
653,Randomly Generated Groups and Why They're Bad:,1.0
838,"Did the very first Ash die, or was he just comatose for too long?",1.0
230,Quick Question: How do I set everything up when it comes in?,1.0
728,I screwed up with a bootcamp partition and can't figure out how to fix it. Please help!,1.0
210,What are the entry fees for standard PTQ's?,1.0
158,[neuroscience] (and also medicine) Has anyone ever woken up from actual 'Brain Death'?,1.0
128,"Hey guys, what do you wear to run in the cold weather?",1.0
1103,22 - [M4A] - what's up,1.0
218,How much pretty good weed should I be getting for $80?,1.0
1226,How much comment/link Karma is given out every second on Reddit?,1.0
930,Why has my body weight gone up when I haven't eaten anything?,1.0
181,Do you guys use surge protectors for your miners?,1.0
37,I don't know what happened...(kind of long),1.0
688,what is the best prank youve ever done or been pranked with?,1.0
104,What is your proudest moment?,1.0
34,/r/Fallout has any part of fallout annoyed you? Why?,1.0
564,N7 2013. How do I get SIXAXIS working correctly?,1.0
995,IDK WHAT POKEMON I HAVE,1.0
1265,Where to ship?,1.0
1440,What's the worst amateur rap video you've ever seen?,1.0
479,What's your opinion on Indian accents?,1.0
464,"What books do you recommend people to read as to better themselves, and make themselves more well-rounded?",1.0
886,33m4a - Would any pervs care to chat?,1.0
943,[Serious] How Can Reddit Be Real If Circlejerks Aren't Real,1.0
20,Anyone have a clip of Bill's 'campaign voice',1.0
1317,ELI5:Why is my gas indicator segregated into unequal 'quarters'?,1.0
1196,"Where can I (closer to spring) buy heirloom seeds for veggies, herbs, etc. in Windsor/Essex County?",1.0
64,Where is my file directory?,1.0
880,Help with screaming?,1.0
1497,Jeremy Soule has made a wonderful soundtrack for this game. Thinking of buying it? Don't. Here's why,1.0
362,What was your best prize pool from arena?,1.0
501,2x 3hr sessions per week at the gym. What can I expect? And how do I make the most if it?,1.0
846,"In honor of the birthday boy, what is your favorite thing about him or his lyrics?",1.0
1314,Any interest in a foodie/chef's table reddit gathering Thursday/Friday?,1.0
379,What happens to a car when it is abandoned during a blizzard/bad snow storm?,1.0
730,where FIND very EXPLANATION (basics) mining doge HOW?,1.0
713,"Best case scenario, where do you see the company on January 7th, 2015?",1.0
1334,You get 5 words to make a stranger as uncomfortable as possible. What do you say?,1.0
450,How exactly do I use this GoPro mount?,1.0
260,Do you know someone who has met The 3 Stooges?,1.0
71,Help with SSD cloning Sony Laptop Raid0,1.0
910,What concentration to go for in a masters program?,1.0
228,[Serious] How to deal with a WoW addiction?,1.0
440,I just don't know what to do.,1.0
391,Looking for a Ditto mainly but will add anyone!,1.0
607,"Reddit India, where should I go to find android and php developers who are willing to work from home?",1.0
172,"Reddit, what is the best comment you have ever read?",1.0
14,"Mods: restore the old rules, I liked how we were overly serious, btw whats the diff between this sub and cb2?",1.0
1309,"I'm [24/f] making conversation hearts for my boyfriend [25/m] for Valentine's Day, does Reddit have any cute ideas?",1.0
1054,Questions: Somet/(any expensive raws) vs. Naked and Famous(or less expensive raws),1.0
337,My dads response when I ask how philly fans boo injured players...,1.0
1037,What is your craziest break up story,1.0
875,Why does a scratch in a DVD cause it to freeze for a few seconds?,1.0
591,"Reddit, if you would rule the World. What would it be like?",1.0
57,ELI5: Soap. Please explain soap.,1.0
868,How To : Wrap Your PS4 (Video),1.0
1484,What websites do people prefer to buy parts for their older jeeps,1.0
1405,Awesome fight manga recommendations please.,1.0
274,Where the fuck are the items!?,1.0
32,How does the Bernoulli Effect work?,1.0
658,What are your positions in regards to chivalry?,1.0
1350,What is the most regrettable sex you've had with cbwyatt's mom? [nsfw],1.0
1087,A question for Kim or anyone who may know the answer :),1.0
973,What's the stupidest reason for which someone has deemed you unqualified to do a piece of work?,1.0
734,"Web design for a scorekeeping application, any comments?",1.0
187,LF: Azumarill. Will add any,1.0
915,What is the weirdest thing you ever woke up to?,1.0
452,"Redditors of reddit, what is the most redditiest thing you have seen?",1.0
671,Sometimes I forget what it was like...,1.0
756,"How can I make some money off the Interwebs, Reddit?",1.0
1351,What would you do.,1.0
724,"Musicians of Reddit: Generically, amongst your peers, who gets made fun of the most?",1.0
408,"If a bomber's holding a 'Dead-man's Switch', why isn't electrocuting him an option?",1.0
821,Can anyone tell me what type of puppy this is?,1.0
612,Why is the community for this game nonexistent,1.0
110,What is sad or horrible/terrible that made you laugh?,1.0
413,Looking for Fairy with Kirlia please,1.0
1427,Have you ever told a lie that saved you from a terrible situation?,1.0
965,Anyone know where i can order food in the next half hour?,1.0
600,ELI5: Why is 'awesome' considered positive but 'awful' considered negative?,1.0
1487,[Q] How much plat is the average lvl 1 Master Thief?,1.0
85,[Recruit] Medium or higher skilled European who is [{RELAXED}],1.0
844,Need help with dog walking-- small dog.,1.0
1144,If you could create your own real city from the ground up what would it look like? What would the 3 most enforced laws be? (if any),1.0
1432,Athletes who grew up loving a team and ended up playing against that team or for the rival team what was it like?,1.0
749,"[FO:NV] Crashing on startup after installing mods, anyone have a fix?",1.0
494,What happens when teeth are bumping together?,1.0
7,"Have any redditors moved to the developing world to pursue a career in teaching English as a second language (ESL)? If so, can you share your experiences.",1.0
392,What is your workout playlist?,1.0
280,I'll be at CES next week. Anyone have any requests or suggestions?,1.0
686,When someone says something tastes 'gamey' what do they mean?,1.0
1229,How do I find a hobby?,1.0
1402,Does anyone actually care that there might be a Velveeta shortage?,1.0
685,Why does my client crash during EVERY ARAM?,1.0
847,[RANT] Why are all the tutorials so old?,1.0
155,Tonight is the College Football BCS Championship! What are you drinking tonight during the game?,1.0
891,"Anyone want to trade with someone from SC, USA?",1.0
1188,Why do only girls that don't live close like me??,1.0
253,Why is working out so good for your mental health?,1.0
331,What's going on with Ironman?,1.0
1406,I want ponyta and will add anyone,1.0
1035,Soldiers who served in Iraq: How do you feel about Al-Qaeda controlling Fallujah?,1.0
511,What is something you would kill for?,1.0
1011,What is your 'go to' spot for good grub in town?,1.0
764,How do you start small talk?,1.0
1315,"ELI5: In modern statistics, why do we bootstrap to create confidence intervals?",1.0
757,"LF Shuckle, but will add anyone! =)",1.0
1101,Why is Corporate Mundo legendary?,1.0
517,How did the European crisis develop the last 6 months?,1.0
18,What is a good shop to buy android phones at good prices?,1.0
352,What team should I go?,1.0
1270,would any one like to battle?,1.0
336,"If GameFreak decided to release extra clothing DLC, what kinds of options would you like to see added?",1.0
427,"In public matches, why does it seem like engineers don't seem to do much?",1.0
469,Any good conspiracy podcast?,1.0
213,Any room for improvement?,1.0
907,"Seriously, 2014 has been pretty good so far, and I want to share my happy",1.0
1295,Where to buy a meal plan for 1 semester? [Senior],1.0
1007,Can't remember who this red head is,1.0
1457,What's with all the hate against Jr Smith?,1.0
89,What's the deal with Someguy9191?,1.0
1004,In the Delware County - Any friendly ents out there?,1.0
1066,"What's a popular movie, that everyone loves, but you hate with all your might?",1.0
1088,Need help replacing oil tank vent alarm,1.0
692,what's a fact you refuse to believe?,1.0
992,where to find species that aren't available locally.,1.0
149,What are the greatest ever pub quiz team names?,1.0
1298,[Troubleshooting] Please help!,1.0
1496,Who's the best streamer who plays support?,1.0
785,What should be my next step?,1.0
576,"Post your three most hated champions, everyone else say what kind of person he is",1.0
699,What is something that will always make you angry?,1.0
1257,"Once you have more muscle, bulking becomes so much harder",1.0
483,"I'm reporting comments that aren't breaking any rules, why aren't they removed?",1.0
555,Why I love this subreddit:,1.0
797,[meta] Is it time to change the subreddit's motto?,1.0
508,Is anyone else having issues with the AGDQ stream?,1.0
629,What do historians know about the reason for the Cimbri and Teutons attacking the Roman Republic?,1.0
1109,Is there anyone here that was formerly a SJW?,1.0
1336,"Benny Lopez, creator of Red Bulls 'Viking Army' Supporters Club, has been 'banned' for six months.",1.0
786,"Has anyone got any great suggestions of places to take the dog for a walk in Adelaide, South Australia?",1.0
112,"Are you all me, talking to myself?",1.0
736,Why is it socially acceptable to make fun of French people?,1.0
1077,"Just found out my job is gonna be a loadmaster, any advice for which airframe I should go for?",1.0
826,What are the arguments in favour of an independent Scotland?,1.0
115,"What's your most 'don't give a fuck, let society conform to me' time you've had stoned?",1.0
652,How likely is it that . . .,1.0
631,Who has had the best individual performance so far this season?,1.0
365,How to deal with parents who would hate who I am?,1.0
264,20 [M4F] Who here has the biggest breasts? Let's find out;),1.0
651,[WP] Write a few paragraphs from the perspective of someone who's interacting with themselves (time travel or what not)... without differentiating from the two perspectives.,1.0
931,Bengals fan: If the Chargers win the Super Bowl does it change the outlook of the season in any way?,1.0
818,What should my girlfriend tell her parents to convince them to let her be on birth control?,1.0
862,Why hasn't anybody thought of this?,1.0
42,What can I do to jazz up my manicotti?,1.0
1289,"Looking for online ditto friend safari, please.",1.0
987,ELI3: How do I get fix '11Dbexception' error? 5 yr old isn't good enough for me.,1.0
872,How would you teach Mass Effect Multiplayer to a new player?,1.0
769,Any good places to eat/drink in Palermo?,1.0
1498,Shifting a cold car in to drive almost immediately. Does this have any negative effects on the motor/tranny?,1.0
0,"If ingesting salt causes dehydration and dehydration causes low blood pressure, why are people with high blood pressure told to avoid sodium? Wouldn't it lower their blood pressure?",1.0
999,25 [M4F] PA - Are you realllllly there?,1.0
1300,"The Mitochondria produces energy in a cell, but how does this energy actually work?",1.0
259,"so is the grumpcast what we're having for the whole day, or two more things?",1.0
1230,What can I use for collision detection in Love2D?,1.0
1368,What else does everyone play?,1.0
439,Sonic... What do you guys think?,1.0
998,Club Nintendo.. Why..!?,1.0
1073,Anyone know how to use debit card from Korean bank in Google Playstore?,1.0
833,How do you deal with unreasonable people?,1.0
1338,Any news when Sony wireless headsets will work?,1.0
300,Cudaminer error what am I doing wrong?,1.0
1173,"Fast food drive thru employees, explain why you guys have cars pull forward early.",1.0
309,"LF: Luxio, Tropius, Zebstrika and any fairies",1.0
145,Is it safe or effective to do home teeth whitening?? has anyone had any experience with this?,1.0
570,WHAT DO YOU CONSIDER A 'PRO' TEAM AND A PRO 'PLAYER'?,1.0
46,Moving back to Evansville for 3 years. Any Bonsai enthusiasts out there?,1.0
1170,How does Chromatic Lantern work?,1.0
722,[AP World History] I need help with a Comparative essay,1.0
829,What websites should i look at for houses?,1.0
1111,How often do you change your bed sheets?,1.0
466,What's the quickest way to boil water?,1.0
967,"What are some cheap, easy things to make on an electric skillet?",1.0
649,[Serious] What is an unexplained experience that still haunts you to this day.,1.0
395,Would anyone be interested in writing a small-scale collaborative novel?,1.0
507,Hollywood professionals: does knowing about how movies/tv shows are actually made affect your ability to enjoy being taken in them?,1.0
316,23 [F4R] NJ - How goes it?,1.0
15,I need help (PS3),1.0
680,LF: Smeargle but will add anyone,1.0
31,What situation have you found yourself in when you were truly scared for your life?,1.0
898,[Build Help] Is this case any good for the price?,1.0
823,What exactly happened today?,1.0
1343,What song would make for an interesting film adaptation?,1.0
403,Any ideas on what the best places that do vegan food are?,1.0
916,"Alright Reddit, what is a required shot for a 21st birthday celebration?",1.0
533,What drew you to Buddhism?,1.0
754,Night terror - awoke to strangling my boyfriend. Wtf.,1.0
1058,Does anyone have a picture of the Grayson Electricity handbill featured in S1E7?,1.0
241,How can I mitigate spending 40K on a masters program?,1.0
1123,Help with necklace/dress pairing?,1.0
780,Where do you buy your essential oils?,1.0
485,Does anyone want a LeBron Preorder code?,1.0
150,"Car dealership employees, how can the buyer get the best deal on vehicles?",1.0
957,How much was RTX?,1.0
849,Why am I getting bad FPS with shaders?,1.0
621,What is the best conspiracy-theory documentary that you have seen?,1.0
681,[H] Various 5iv/4iv pokes [W] almost any 4/5iv poke,1.0
565,"What's a lie you told as a kid, but never got around to confessing?",1.0
1425,Fade Xross Media Bar? Is it possible?,1.0
13,"Looking for any new pokemon, especially ditto!",1.0
123,What's your best socially awkward/awesome penguin moment?,1.0
923,How many genres do you spin?,1.0
976,How did you discover Reddit?,1.0
1468,Who becomes the High King after the Civil War?,1.0
186,"I'm new here, can anyone help?",1.0
1135,What's your wallet's EDC?,1.0
988,Add anyone! just help me find my pokemon,1.0
1462,"Fallout 3 install breaks, then fresh re-install arrives identically broken. What the what?",1.0
1332,Where is Half-Life 3?,1.0
602,"Redditors who have been selected for jury duty, is it really that boring?",1.0
176,Any towing companies NOT booked up? Help!,1.0
297,Notice: xSmoooth_Criminal has been given a 1-week temporary unban.,1.0
492,"It's scary, and I don't know what to do.",1.0
1415,Sustain pedal plays note when midi?,1.0
1254,What is the most akward thing you have experienced/done?,1.0
1236,Any questions for gopro @ ces 2014?,1.0
513,How to edit the text in the lock screen passcode page with iFile,1.0
1065,Where might I find super-mini cookie cutters? Preferably about 1/2' in diameter.,1.0
472,Matched up with people who have obviously spent a ton of money on cards in 'casual play' games?,1.0
153,How many of you go on reddit at work? Where do you work and how do you not get caught?,1.0
1191,"People of reddit, what are you guilty pleasures?",1.0
12,"Need help with raids/offensive strats @ high th7, low th8.",1.0
1068,"With record breaking low temperatures striking the Southern and Eastern parts of the US, how are impoverished families and the homeless dealing with the extreme conditions?",1.0
542,"Death comes to all of us one day. Without using religion, why should we not fear it?",1.0
654,Why do people avoid deploying certificates?,1.0
1225,Adding anyone but looking to get an audino/chansey safari,1.0
1015,What is your preferred method of smoking?,1.0
1255,Any advice/ideas for High School Senior looking to run a business 2nd semester/summer?,1.0
955,[Safari Unknown] Add Me Please,1.0
1408,What if every citizen registered his own corporation to enjot its legal protections?,1.0
279,How much do I need to sleep for optimal recovery?,1.0
793,What is the worst job you have ever worked at?,1.0
221,"LF Rhydon/Shuckle FS, Will add almost anyone tho :)",1.0
22,How tall were you in 10th grade and how tall are you now?,1.0
433,What are your best websites for buying Mods?,1.0
1456,What's the dumbest tweet you ever saw?,1.0
225,Right woman having to go left handed. Any tips? (X-post r/makeupaddiction),1.0
33,Anyone familiar with this old justification?,1.0
745,[Question] What would be a good anime for me to watch next?,1.0
1041,So my guinea pig died. How do I go about eating it?,1.0
465,Any fellow longbowers out there?,1.0
1277,Turtle beach p11's broke. Can anyone tell me if what I plan to do is good or not?,1.0
1471,"LF: squirtle, adding anyone, also could someone tell me my third poke?",1.0
683,How to remove flaky skin from face?,1.0
1377,Can anyone recommend a replacement for the HSTI Media Stick?,1.0
635,I have a lot of things to recycle. Where should I go?,1.0
1448,What MMO Would Players Go To If WOW Disappeared?,1.0
1214,"Dog lovers, do you dock your male dogs?",1.0
1154,What's a good GPU for 250-300$?,1.0
1249,"Redditors from third world countries, what pisses you off about first world countries?",1.0
1362,"21 [M] Not sure where I stand out of 10, pretty curious!",1.0
796,What's your favourite song to mine (DIG) Doge to?,1.0
156,"EILI5: does semen act actually improve mental health of women when swallowed, if so how?",1.0
952,How can I teach myself (advanced) math online for free? [serious question],1.0
1182,ELI5: How does wind chill work?,1.0
817,LF ditto I'll add anyone,1.0
1269,What happened to Dark Seer?,1.0
873,What should the Abercrombie and Fitch corporation do in response to the negative criticism they have gotten?,1.0
909,Who is the weakest person who could defeat the Red Hulk possessed by both the Spirit of Vengeance and the Venom Symbiote?,1.0
148,"Who was the best teacher you've ever had, and why?",1.0
1372,"Is being wide as any of the Money Maker civs, (Arabia, Venice, Morocco) wrong or right?",1.0
505,21/F - What do you think?,1.0
1131,Friend is receiving emails from unknown person about threats her ex is making. What should we do?,1.0
1256,Does anyone know what the trumpets song is from this day9 clip?,1.0
99,First piece what should I name her/him? [7],1.0
582,[Question] [Steelco] Where/by whom can I have this timepiece fixed?,1.0
1327,What helps you sleep?,1.0
1139,Transitioning off of breast milk/formula at 12 months... How?,1.0
49,"18[M4F/A] In bed, bored, can't sleep.",1.0
147,What are some good long range carbines?,1.0
399,{Troubleshooting} Can't get Far Cry 3 to work. Any advice is appreciated.,1.0
1453,Can anyone help me root my shield,1.0
203,What invention or breakthrough from the last 100yrs are you thankful for?,1.0
1416,NoPorn vs. NoFap. I immediately recognized the benefits of not watching porn. I'm curious as to what they say NoFap benefits are?,1.0
1118,American going overseas. How do I use my Virgin Mobile iPhone?,1.0
4,Any ghost types out there? Will add everyone,1.0
1010,Would anyone watch a blog strictly dealing with R/Tress issues?,1.0
1342,What is the most dangerous job in the world?,1.0
1056,ELI5: What does blood do/where does it go after being pumped out of the heart,1.0
448,Binge drinking - I have to stop,1.0
249,ELI5:Why can humans see different colors while other beings cannot?,1.0
892,anybody else notice the similarities between lorde - royals and meatstick?,1.0
1307,"Why does smoke from a lit cigarette flow upwards, particularly in rooms with little to no air flow?",1.0
876,blocked by a strongvpn for using uTorrent. All these years encryption worked fine. Any ideas?,1.0
1412,What would cause an automatic transmission to explode?,1.0
619,Is there really any danger living near an electrical substation?,1.0
341,"What exactly does an introductory, 100-level Engineering class entail?",1.0
1285,does anyone want to hang tonight?,1.0
258,24 m4f - whats the weirdest thing you can hang from your nipples?,1.0
146,"Students of Reddit, where does your mind drift to when you realize you have no idea what is going on in class?",1.0
468,"Reddit, what are your biggest goals (not resolutions) for 2014 that you wish to achieve?",1.0
636,Ladies of Reddit; what is the most manly thing you do?,1.0
1483,It's already the seventh of Janruary. How are your New Year's Resolutions going?,1.0
1426,How to prepare myself for DMT?,1.0
546,Does anyone know of something interesting to do a News story on?,1.0
924,Advice needed please! Full size studio rack vs 500 series lunchbox?,1.0
484,The strongest person from Avatar who can defeat Magneto?,1.0
1355,What Board should I get to meet my needs?,1.0
1167,Why and what do you downvote?,1.0
142,Scump is the problem,1.0
398,"Explain how winning isn't everything, like I'm a really disappointed Phil Rivers and you're Jay Cutler who just beat me in the SuperBowl but couldn't care less",1.0
950,What are your thoughts about the book - No One Knows: The Queens Of The Stone Age?,1.0
1404,How do I make a for-loop wait for user input before continuing?,1.0
655,Has there ever been an NFC or AFC championship where the two wildcard teams faced each other?,1.0
459,"Reddit, what are the best filmed concerts and/or long music videos?",1.0
182,What if my dealer got arrested,1.0
1143,Why am I struggling against teams with 3 center backs?,1.0
1220,"[Gear Check] Spent 800m set, how'd I do?",1.0
604,"To fiction authors, how do you get the ideas for your stories? Do you start with the plot, setting or characters?",1.0
139,My ego-t battery and protank 2 with 2.2ohm atomizer will not draw at all when screwed in. What's wrong?,1.0
747,What do you consider the best software/advice that is available and affordable to protect your computer from viruses and malware ect.? [Serious],1.0
977,How do I fix this?,1.0
193,What Is your interesting deformity whether born with it or an accident or surgical?,1.0
879,"I just got HBO Go, what are some HBO series worth watching?",1.0
275,Boyfriend and I going off to different colleges next year...,1.0
289,Please change Donors' /tp powers to /tpa,1.0
1395,What a man sees VS what a woman sees,1.0
396,How is Boston as a city to run in?,1.0
118,"Reddit, just got a Netflix account, where should I start?",1.0
1203,"Reddit, is there any opportunity to buy stock in marijuana? Are there companies selling stock, or will official companies soon emerge?",1.0
198,"Reddit, what is your guilty pleasure? [Serious]",1.0
831,"Reddit, what technology do you hope the iPhone 6 will have?",1.0
242,"Hey reddit, are you gonna stay the night?",1.0
1421,I'm taking the trip of a lifetime and spending half of 2014 in Africa! What kind of camera should I get to document my adventures?,1.0
1429,What is something you would like to see mankind achieve before you die? [Serious],1.0
1149,What do you think is the greatest sporting moment of all time?,1.0
380,How to approach 4chan?,1.0
1321,What am I feeling when my limbs fall asleep?,1.0
850,"Adding any Pony-lovers, hoping for a Gabite ;)",1.0
215,How can an engineering major land an IB summer internship?,1.0
637,[Q] How do you trade 1/2 a key,1.0
153,Writer with a question: What kind of medical situations do you have to inform the police about?,1.0
108,How much?,1.0
694,Spun out at 50-60mph and engine shut off - why?,1.0
1430,[H] Corrupted Raider's Patch [W] Any Frozen Apostle Part,1.0
947,What's one question you've always wanted to ask but the appropriate time never came up?,1.0
1316,Which is the better movie: Anchorman or Old School?,1.0
1287,What is with the 'taco culture' in Austin?,1.0
1352,Why did God create Evil? (a theist's perspective),1.0
437,how would you imagine an intergalactic ark,1.0
1132,Entertainment Weekly released their 20 scariest movies of all time List. What do you think?,1.0
1252,What superhero would be the best in bed?,1.0
659,I need your help,1.0
1371,Why is Beyonc\u00e9 considered the best?,1.0
1253,Do you think India should have two time zones?,1.0
1330,What hero has the ulti which can take the highest damage?,1.0
313,ELI5 Why objects in the mirror are closer than they appear,1.0
644,"Non-Yanks/Brits, what are some good recent shows from your country?",1.0
705,"I just made a subreddit for any problems, game fixes, maintenance procedures, repairs and any other useful information you can provide each other for the PlayStation systems.",1.0
1278,Any IV bred pok\u00e9mon for shinies,1.0
968,What trilogy character do you want to have a cameo in ME4?,1.0
623,What for you is the saddest moment/storyline?,1.0
628,What ever became of knowledge of Vinland and Leif Eirikson's discoveries during the time of Columbus?,1.0
1302,What are the biggest problems that make gamedev difficult?,1.0
1244,Does anyone know when actually season 4 starts?,1.0
1460,What all-app killer tweak are using?,1.0
1250,[BEG] Send Me Doge i Demand you,1.0
1382,[serious] What is a cool-headed response to Conservative-Christian family members who are obsessed with rumors of Obama's homosexuality?,1.0
791,Anyone using ableton 9 midi to trigger sounds/groups for machine in plug in mode?,1.0
641,(xpost from r/brownbeauty) How do you use all three colors of your Hourglass Ambient Lighting Palette?,1.0
1008,I'm a 5'0 female who only weighs 100-103 lbs and I don't know how much I should eat while weight lifting?,1.0
552,"I'm not the smartest of fellows, what have I done?",1.0
677,What are your favourite meals from your country?,1.0
573,Why doesn't Gandalf have any hectic crazy spells? He's a wizard?,1.0
1105,Anyone know how to climb the lamp posts in Mor Dhona?,1.0
1262,How to make HiddenSettings7 settings persistent?,1.0
1179,Can you guys teach me how to fish with Big?,1.0
520,What would happen if I dangled a strong magnet at the end of a wooden arm attached to an entirely metal toy car in front of said metal car.,1.0
1055,(Request) please update spotlock,1.0
536,If you could go back in time and change something what would it be?,1.0
1190,How do I get over my body image issues?,1.0
744,Every person has a one-time pass to end another person's life without any legal repercussions.,1.0
1385,What is the best way of transfering your B.net Balance to Paypals?,1.0
480,"I have too many goalies, who to drop for Quick's return?",1.0
91,What is your best 'you had to be there' story?,1.0
1016,Where to start?,1.0
559,(m)y v cut progress. How am I doing?,1.0
1260,Who wants to kill me? [Rant],1.0
738,What are some good sources to add,1.0
859,[Question] Does anyone here use Audacity to check the accuracy of there watch?,1.0
887,How should I expand my horizons and become more knowledgeable about rum?,1.0
1034,[m46] turned on by women who smoke cigarettes,1.0
202,Does anyone have any tips for blocking things out of your mind?,1.0
388,Have you ever attempted to do something you saw in a movie or TV show? Did it go horribly wrong? Or terrifically right?,1.0
790,If you were a master criminal what would be your calling card?,1.0
866,[Challenge] The Story Time Challenge,1.0
393,'Who leaves a wedding early?',1.0
762,How do I modify my main menu music to play ONLY the main theme?,1.0
1375,What's something about you that is peculiar?,1.0
1237,What is something that totally made you lose hope in humanity?,1.0
1024,Can anyone try these?,1.0
638,What are my chances here? (Tramadol),1.0
608,FT: 5 shiny Claunchers LF: Any other shiny,1.0
956,What is your favorite website and (if at all) how would you like to see it changed or enhanced?,1.0
721,What are some reasons American football referees would throw their hats during a play?,1.0
679,What's the deal with these 80% AR-15 lowers?,1.0
94,Flash Discussion: Where's Wally West in the New 52 to you? How do you want him to enter.,1.0
800,I just figured out what Naruto is missing,1.0
402,"When your starter 3 day shield expires, how long does it typically take before someone comes to attack you?",1.0
498,"Who, in your opinion, has the most solid or consistent discography?",1.0
1067,ELI5: Why is it that after playing on the computer for hours our vision get blurry?,1.0
1052,Does anybody know any historical names with a cool meaning?,1.0
925,Any good Used Cars for under 1000$$,1.0
775,Anyway To Reduce Pass-thru Input Lag When Playing Xbox 360?,1.0
196,Anyone excited about or getting the new 35mm f1.8G lens?,1.0
130,Hoping to delve a little into AI. Can anyone answer some questions?,1.0
1047,What do you think the difference is between cyberpunk and dystopian science fiction?,1.0
36,Whats life like for half Chinese in hong kong?,1.0
1013,Why have team deathmatch payouts been screwed with?,1.0
226,19 (F) needs your help,1.0
374,What is the most mysterious/paranormal thing you have witnessed?,1.0
284,What is mean by Scenario Based Hacking?,1.0
414,What are your plans for this weekend?,1.0
387,"Looking to blog about the area, what are you curious about?",1.0
588,Help with Micro G pen.,1.0
1158,Anyone want to share a dedi/dedicated CPU VPS?,1.0
1082,Any sportswriter's here? What was your path? Recent college graduate interested to hear some success stories.,1.0
643,What is your favorite song that is older than you are?,1.0
1148,How to talk to someone who has recently lost a loved one?,1.0
1363,"Question Time! What do you regret, MLAS1?",1.0
516,How widespread is 'bacha bazi' in Islamic countries? How is it justified?,1.0
60,Why does Riot ignore ways that people on your own team can harass you when they go out of their way to make sure the enemy team cannot?,1.0
10,"What made you reach 'rock bottom' and if things got better, how so?",1.0
1176,"Thinking of minoring in computer science, anyone have this as a minor?",1.0
1060,PSet0 - How long did everyone spend tweaking there submissions?,1.0
488,So i have to give a speech.,1.0
375,"Brothers,I need your help.",1.0
183,What's a good 'old timey' term for how cold it is outside?,1.0
759,"LF Rydon, Duosion, Eevee but adding anyone who needs what i have also",1.0
212,Are there any headphones designed for birders? (More in text.),1.0
787,LF Fire Type Safari WITH NINETALES; also find out what my remaining pokemon is,1.0
1072,Why can't I add someone when we both have open privacy settings?,1.0
874,"Reddit, have you ever felt extreme secondhand embarrassment? If so, why?",1.0
333,What are the roughest neighborhoods in Wichita?,1.0
715,"How do Stranges, Vintages, etc. work?",1.0
291,Where is banshee helmet?,1.0
1012,(Ft) zygarde or mewto with mewtonite x (LF) shinies or any random offers,1.0
1271,"What is your most favorite commerical, of all time?",1.0
451,Any one familiar with pipe tobacco AND cigars?,1.0
1495,How to backup information,1.0
811,What programming languages are most used in a Computer Science based program?,1.0
265,ELI5:Why does inbreeding cause genetic defects?,1.0
991,Does anyone Have a Spare Code?,1.0
197,"[WP] A future where the Soviet Union never fell, and the United States fell instead.",1.0
157,What's best for my remaining rat?,1.0
725,If Americans call pizzas pies what do they call pies?,1.0
397,Do you guys prefer crunchy or creamy?,1.0
698,What should Infinite Ward/Treyarch do to make the CoD franchise good again?,1.0
1125,Newest versions of modpacks aren't showing up..what did I break?,1.0
561,Why don't NFL teams generally use the backup QB as holders on FGs?,1.0
1409,So who do we want to win tonight?,1.0
1017,MMM I can hear my mom upstairs,1.0
1021,"Radiation spike on California beach, now at 500% normal levels \u2014 \u2018Befuddled\u2019 as to why it\u2019s so high, claims there\u2019s no \u2018immediate\u2019 health concern",1.0
1407,Anybody willing to help me evolve my Swirlix? I'll give you a Chimchar for your trouble.,1.0
1100,What is stopping an Oculus Rift from being used as a 3D TV for PS4?,1.0
201,What is the most underrated TV show you wish more people would watch?,1.0
30,What would it take to build an automatic mesh network into ChromiumOS?,1.0
771,ELI5: How does it feel to get shot?,1.0
504,Where's national team jersey in auction house?,1.0
1474,"How should I go Raid 10 with a Z77X-UD5H 3770k, 240 SSD, 4 4t WD REs?",1.0
1386,Which is the more lethal plague: Captain Trips or Umbrella's T-Virus?,1.0
87,What is something everyone is wasting money or resource on?,1.0
1359,anyone want to swap mix tapes,1.0
893,Are there any teams that can do Super Golds quickly and safely?,1.0
560,how can i spot a jjimjilbang?,1.0
1365,One scroll please sir? (EU),1.0
772,Anyone know of a good site that reviews Churches?,1.0
237,What happens if soap gets in an outlet?,1.0
9,"Building a solutions in a space where I am not a customer, too risky?",1.0
311,"I have no idea where to start, this confuses me.",1.0
596,Wait a minute... How is this possible ?,1.0
383,"[Serious] What was it like when you first learned of someone you loved passing away? From initally finding out, to the different stages of how you felt.. how would you describe it?",1.0
1293,What is the most obviously wrong assertion that the greatest number of people will actively defend?,1.0
162,"If you could use any line from any movie to end a relationship, what would it be?",1.0
836,Did life improve after you left everything and moved?,1.0
16,Help with textures.,1.0
642,2014 is the year!,1.0
1150,"With all this talk of eirgrids electrical pylons, what are the proven dangers of living near them. No hearsay please",1.0
827,"Flight attendants from Reddit, what has been your worse experience with a passenger?",1.0
1263,[Serious] What's the most unregrettable/memorable sex you've ever had?,1.0
558,what is your favorite underused word?,1.0
1459,Anyone on CJDNS over the clearnet?,1.0
682,What's the easier upper div that aren't full yet?,1.0
953,"What would be the effects on our society, if men and women switch their roles?",1.0
185,Why did i not skip divisions?,1.0
971,ELI5: Few years ago I developed TMJ. How does TMJ develop?,1.0
695,What will be the price?,1.0
506,"[Serious] Redditors who have killed someone, when and why?",1.0
1078,In S02E03 why won't sherlock ask for Mycroft's help?,1.0
470,Discussion: What do we have in 2014-15?,1.0
852,What was the best thing before sliced bread?,1.0
743,What happened to 7ckingmad's blog posts?,1.0
248,How many times can you get high from 1/8 oz. of marijuana?,1.0
17,So how do i kill a mockingbird?,1.0
1333,how to make Monster not take over 45 minutes to launch?,1.0
455,Anyone have any luck finding/buying Riwaka hops in America?,1.0
1180,How to be a Skulk: Wall of Text Version,1.0
272,"How do you sort out what you can't do from what you won't do? Can you? Because srsly, I'm struggling with that.",1.0
951,Who do you think is the greatest actor/actress of all time? Convince me.,1.0
1211,Why does FedEx take so long to deliver?,1.0
381,What are your highest rated and lowest rated comments?,1.0
801,What are good apps to have besides reddit and communication apps such as kik or snapchat?,1.0
1433,What do you do with the boxes?,1.0
339,"MicroSD card in Galaxy S4 has died, does anyone have knowledge on how to save these things?",1.0
765,What's the word for the attitude or emotion seen in the famous Tommy Lee Jones NCfOM meme?,1.0
1328,How long should one stay out of Japan between consecutive 90-day visits?,1.0
126,"Rookie question, but what do I do with a 'carved out' piece of soap.",1.0
867,What past experience made you the person you are today? Whether it be bad or good.,1.0
1119,What are Reddit's top five favorite things to talk about?,1.0
1392,Why does the Fibonacci series exist?,1.0
83,What is the difference between a normal tailgater and Micheal's?,1.0
1478,How do honey trees work?,1.0
326,"Gamers of Reddit, what video game have you played through the most times?",1.0
1234,"Has anyone made any practice maps, practice modes, or CPUs with modified AI that are tailored towards helping one practice various tech skills? More inside.",1.0
462,"Going to Mexico in a few days, what beers do you recommend?",1.0
117,How do you pronounce kik?,1.0
1040,"What is Your Favorite Movie and Why? (Discussion, not List).",1.0
1091,What are the opinions of Jesse Ventura within this subreddit?,1.0
1126,"I [M 23] feel guilty how I found out my GF [F 23] of over three years cheated, and don't know what to do from here.",1.0
1290,How do I verify my windows 7 key without first having to format my current install?,1.0
856,Any tips for coming back after a break?,1.0
1455,What's the biggest mistake made by mankind?,1.0
1122,What food tastes better with sauce?,1.0
