query,query-label-expert
Why do i get a bad headache when i don't eat enough during the day?,2
What causes heart rate to suddenly quicken to 100 resting after pressure on back for a while - with difficulty breathing?,2
peritonsillar abscess drainage aftercare.. please help,2
How serious is Mono or tonsillitis when untreated?,2
What are your chances of dying in your sleep?,1
"Bad reaction to anti-depression meds, wondering if there's something underlying... Not sure how to ask",2
What are these white bumps in my nostrils? Is it infected? They are sensitive to the touch.,1
What can I do to avoid these nail infections?,1
What can I do to prevent/reverse possible heart disease,2
Help with a mole,2
Why do I cry when I occasionally take valium (as prescribed)?,2
How to heal a sprain wrist (TFCC injury)?,1
"Weird mole on head, any thoughts?",2
Help with vitamins,1
Can someone who knows about bodybuilding shoulder injuries please answer this question?,1
Pain when straightening knee,1
Brain fog symptom persisting for over a year physicians not sure why,2
Unsure how to proceed with consistent back pain,2
Dull chest pain when bending in certain directions and when breathing and such...,2
Trying to figure out what I did to my hand,1
Please help. 2nd degree burn.,3
What method of suicide would still allow for organ donation?,3
What is this? [Throat],1
What is this rash my sister has?,2
Help! What are these strange things spreading on my foot?!?!,2
"(PICTURE INCLUDED) Got a sneak peak at my X-RAY... so, what's the dark spots on there?",2
"Hard lump on upper right masseter, approx 1.5 in. and sore. What could this be? (21, F)",2
Advice on penicillin use and food please. Flucloxacillin.,1
Why does my stomach feel this way after my appointment with a gyno?,2
How to cure pinched blood vessel in neck?,2
"Adderall not working as desired, how would Dexedrine be different?",1
Is testosterone replacement therapy recommended for a patient who has suffered seizures?,1
Kidney infection and burning sensation when urinating,2
What's the term for when scar tissue interrupts biological functions?,1
Why are my hands and feet turning red easily?,1
Is there a medical reason why I can't swallow certain foods or is it just me?,3
Docs what kind of horrible mental disorder is this?,1
[NSFW] Why is the skin around my peehole look weird???,1
How would I treat this rash?,1
Eye hurts when I blink,1
What is blood pressure ?,1
What is this red bump in my mouth.,1
Why do I feel nauseous when working out?,2
Any chance of transmitting HIV (or any other STD) by food?,1
"If humans were not restrained by the obstetrical dilemma, how many weeks, on average, would a fetus take to naturally gestate inside the womb before birth, and and how large would it get?",0
Jaw Dislocation When Yawning,1
Male carrier of dormant Hep B. Girlfriend was non-responder to vaccine. What are our options?,1
Why is my lymph node still painful? Could doctor have missed something?,2
Bodywide migrating joint pain and crepitus? Anyone know anything about vitamin d deficiency?,2
"When I get up too quick and almost black out then my head hurts for hours after, what is happening?",3
How is the best way to wrap/bandage an ear?,1
How much diet soda is too much?,1
Why should heating packs only be applied for a maximum of 30 minutes?,1
What kind of activities can help alleviate cognitive deficits for schizophrenics?,1
"(15yr old male, 210lbs, 6ft) I have been having bad gas and hard, nugget like stool. What could be going on.",1
Can I use audio and/or video to make a reasonably reliable self-diagnosis of sleep apnea?,1
Why is there a sharp pain in my right arm every time I cough?,2
Is this an STI and what which test(s) should I ask for at the doctor's?,1
Coffee apparently aggravates my anxiety - is there any hope of drinking it again?,1
16 - Male. Pubes falling out. Don't know what to do,1
"Wrist pain after drawing, confused on how to treat and how to avoid further injury",1
"I'm getting a circumcision tomorrow due to issues with tight foreskin, how uncomfortable should I expect to be?",1
Cytomegalovirus = Chronic Fatigue? How much is too much?,1
"Occasional bulimia, what am I at risk for?",1
How long after the last dose of Bactrim is it safe to consume alcohol?,1
What are common medical problems related to cardiovascular disease?,1
Why am I losing so much hair/shedding?,1
What is this hard lump under skin? No bigger than centimeter diameter.,1
"Weird question, but how long could it take to recover from chronic q-tip ear-cleaning my [22M] whole life?",1
Doctors cant tell my sister whats wrong can anyone please help?!,1
concussion - please help!,2
What might this skin growth on my aunts hand be?,1
What is going on with me? 1 alcoholic drink and I'm puking for hours.,2
How long until sense of smell returns?,1
How infectious is Glandular Fever,1
How to know if allergic swelling is anaphylaxis or not?,3
"Painless rash on right front hip, have seen Minute Clinic and Dermatologist without any definitive cause yet. Anyone else care to help?",1
"A therapist had my mom fill out a test in order to see if I am autistic, is there any way that I can take a test?",1
Any idea what these bumps might be?,1
Operation incisions not healing and are infected. What now?,3
Sore Throat for 2 weeks. No other symptoms. Doctors kinda confused on why.,1
Why is it that my hip bones are suddenly less defined?,1
Is my kidney selective in what it accepts and rejects when discarding excess nutrients?,1
Boyfriend has sudden onset excruciating back pain. Not sure what to do.,2
"Burnt my fingers badly but have no access to any creams till tomorrow, any home remedies that work?",2
Wheezing when breathing in deeply,2
What should I do about this rash? (20M),1
"What are the symptoms of withdrawing from lorazepam, will they go away, and how can I alleviate them?",2
"Bug Bites while sleeping, doesn't match any pictures / info I've found so far. Looking for answers.",1
What Information Do Doctors Need? (hypothetical),1
"I got spit in my face badly, is menigitis or any other dangerous condition possible?",1
"Muscle Enzyme CK is high, what should i do about it?",1
HAE? Allergies? Lymphoma? Sacoidosis? Please help!,2
Chronic headache after a bout of constipation.,2
Why shouldn't we take a double dose of an antibiotic when we miss one dose of antibiotic?,1
"Tired, anxious, overheated and trouble sleeping - what is wrong with me?",1
What is this growth on my finger?,1
"How much energy, in a unit such as calories or whatnot, does it take to heal a broken bone or grow tissue",1
Tiny cat scratch. What should I do?,1
What does this say my blood group is? 'O Rhesus O Positive'?!,1
Moderate/severe lower back pains and feeling very fatigued and sick. Any ideas on what it could be?,3
When is time to visit the hospital?,1
What are these headaches?,2
"Started getting bad neck pain, what could it be?",1
does ibuprofen actually helps in healing the body or is it just shutting off the pain?,1
Why is my skin constantly hot now?,1
laughter and pain how can it be possible?,1
"What is this Rash Along Torso and Arms Lasting for over a Week, Itchy Hell!",1
Does this exist in mental hospitals?,1
How important is it to not have caffeine or nicotine before a cardiac stress test?,1
What to expect with shingles?,1
Helped a stranger through a medical emergency tonight -- curious as to what could be a potential cause for his episode.,1
"Untreated stress-facture, what are the complications?",1
Where did my appetite go?,1
"roseola aka ""sixth disease"" - what are diseases 1-5?",1
"I often have false memories, what could be the reason?",1
Fainting spells and head pain. All tests normal. Not sure how to continue.,2
What happens if I only take birth control pills during my period?,1
Can I take an ibuprofen for a headache 4 days after quitting a drinking problem?,2
Is there any permanent damage caused by smoking weed twice.,1
Why does being outside when it's raining or moist cause pneumonia?,1
Are there any odorless or near-odorless chemicals that can trigger a migraine?,1
Whiplash concussion? What will help dr this evening?,1
"General medical question, does fat actually create estrogen and if so how?",1
How long do you recommend I go without taking risperidone before drinking again?,1
My cousin [30 year old male] is in the ICU. They say his heart is working at 15% capacity and they're leaning toward a heart transplant. What can I expect and what does this entail?,3
I sit very long hours now my leg hurts. What is the best sitting position for my case?,1
What does neoplasm of uncertain behavior mean?,2
What is wrong with my friends finger?,1
I have started to get these itchy spots all over my arms. What are they?,1
What diseases cause spontaneous indented scars on the face?,1
Why does excessive alcohol use cause under eye bags?,1
How to manage an almost-hernia?,1
"What is the safest, lowest amount of fat I should eat in a day? (advised by my doctor to limit them).",1
What are the primary differences between MRSA and MSSA?,1
"I have constant cold hands and feet until I go in the shower/ warm them up, where I presume blood flow rapidly increases...",1
What procedure is used to get rid of acne scars?,1
"What is this white, swollen thing inside my mouth?",1
"My eye has turned extremely red, and I'm not sure what to do.",1
"Wisdom teeth extracted today - stitches came undone, continual bleeding.",1
Are there any relatively permanent vision correction options with virtually zero risk of complication?,1
23F I get random chest pains when working out. What should I do?,2
What does low attenuation region on a CT scan mean?,1
Mom often choke while swallowing. Need advice on what to do and what not to do or how to minimize such occurrence.,2
Why does my right foot hurt when i out weight on it?,1
Why does soda help my hernia?,1
What's up with my finger?,1
Intense calf pain when walking,2
What are these marks on my forehead? Sinus/allergy related?,1
How careful do we need to be to avoid spreading human papillomavirus?,1
Pain when sitting for any period of time - Docs brush it off.,1
"I've had two false positives for syphilis blood tests recently, and have ruled out several possibilities for what might be causing it. What blood tests should I request from my physician next?",1
I am an ectomorph and extremely underweight and do not understand how.,1
Writer with a question: What kind of medical situations do you have to inform the police about?,0
Father Recently Diagnosed with Kennedy's Disease (Spinal Bulbar Muscular Atrophy) Insight needed please,1
How Much Of A Risk Did My Boss Take With His Life/Health?,2
How common is benign fasciculation syndrome?,1
[NY - NYC] Where can I find medical professionals specifically interested in the use of schedule I psychedelics for medical purposes? Both policy advocates and those who administer and do studies.,1
Why bother with a Gyno.,1
Why do certain skin products make me notice a bad smell on my skin?,1
The Index toe on my left foot has been kinda numb feeling for almost two weeks.,1
Help with Seborrheic Dermatitis,1
What could be the reason of period delay?,1
Wart? Skin tag? Skin cancer? What is this?,1
(F/21) Possible laced drink. What could it have been?,2
Why does 1% fat milk give me stomach discomfort?,1
Help With Chronic Fatigue/Sleep Problems,1
What to do about my wound site? (staphylococcus related),1
What can cause this variety of symptoms?,1
I can't see in a specific angle on my left eye what could have caused it/what could i do to take care of it?,2
Had a Balloon Sinuplasty procedure nearly two weeks ago. Still experiencing extreme fatigue and lightheadedness/dizziness. Desperate for relief from symptoms. Any suggestions?,1
Extreme and unpredictable knee pain when sleeping,1
"Missed a bunch (5ish days) of birth control and started my period, how do I make it stop",1
Projectile vomiting my medication after food posting - what to do?,1
wtf is this rash? itches like hell and appeared randomly,1
"(Serious) Ejaculation problems, please help",1
Varicose veins & high impact exercises. Do I have to stop?,1
Friends five month old needs help!,1
"What's going on with my left arm, from my elbow to my fingers?",1
Why do I get violent hiccups when exposed to bright lights?,1
Any arguments against parotidectomy for pleomorphic adenomas?,1
How often is normal for headaches?,1
How to deal with tired eyes and awake brain,1
Why does my chest hurt?,2
"Cervical annular tears, what am I in for?",1
"Underarm lumps? Help, please.",1
What happens during a sleep study?,1
Yet another APAP (acetaminophen) question regarding max dosage. Wondering how much I should worry (took 2275 mg),1
How long do I have to wait to have sex after doxycycline?,1
I think I may have diabetes...how long can I wait.,1
What's wrong with my balls?,1
My left testicle has been hurting for about a week now,2
"How do you determine your blood type, if you're not allowed to donate blood?",1
"My LEEP results came back negative, but I'm still having to get an endocervical curettage? Why?",1
54 year old male. Overdosed on carbatrol.. Is glucose safe after a heart attack? Also what's the best thing to do in this situation?,2
How did 2 billion people get infected with Hepititis B?,1
What could my persistent digestive issues be?,1
why is topical ibuprofen not sold or prescribed in the U.S.?,1
I'm a health freak and wanna know how bad a pizza a week is?,1
I can't sleep more than 2 hours because I wake up struggling for air and coughing,2
Would a Brain MRI show any disorders of the skull bones?,1
What's this in my pill bottle?,1
Blisters - really rather miserable.,1
Headache when screaming/singing,1
What medication can I put on a facial rash?,1
What's wrong with my hearing?,2
What's wrong with me? My head is always cloudy/foggy. I am starting to think I have a disorder?,2
Please help symptoms lasting years,1
"I (40s F), have just been put on blood thinners. What kind of medicalert jewelry is most likely to be noticed, and what is the best place to wear it?",1
"When I sneeze a few times in a row I get suppppper hungry, regardless of if I just ate. Why is that?",1
Is the risk of taking a pain killer related to pain?,1
Sudden and consistent nocturnal enuresis. How concerned should I be?,1
Can you move a broken toe?,1
How do I ask for STD testing?,1
Help - what is this on my asshole? (Extremely NSFW),1
"What is wrong with me? (Poop questions inside, x-post from r/medical)",1
Need help diagnosing issue with nerve/gum/incisor,1
Breathing Issues. Two doctors say I have weak breathing but don't know what's up. Any possible insight? (details inside),1
What's going on with my dick?,1
[21/F] What did I do to my knee? Can't bend it straight,1
Does anyone have a mole like this?,1
Ophthalmologists or anybody here: I get a clear overlaid vortex in my vision whenever I go for a log walk or am hypnagogic. I already had my eyes checked out and no satisfactory answers.,1
What's the best way of removing a cyst?,1
How do I prevent the contraction of skin around a scab?,1
(25M) It seems like my body is falling apart at times. What's wrong (if anything)?,1
My grandma is dying and is in extreme pain. How do I help her?,2
Why am I having sharp and dull pains in my lower left abdomen?,1
"[psych history inside] Not looking for medical advice. I'm just trying to figure out what I should expect if I do go to the emergency department. Kinda too scared to go, have been trying to get there for months cause I need help, I just wanna know what they'll do to me.",1
I think I have Migraines. What should I do?,1
What Causes Low B12 + High Red Blood Cell Count?,1
[22M] How would working a night shift affect my wellness?,1
How do I skip my period on birth control?,1
What bit me? (pics inside),1
Bloated for a few days even if I did number 2; what to do?,1
Does bending over backwards make you faint?,1
How far along is science in the treatment/cure of Sarcoidosis?,1
What is fluconazole help please ? really please,1
Possible listeriosis case please advise,1
"Chest pains, and what is the problem?",2
I always have excruciating hunger pains and I don't know why,1
How does bacteria survive long enough in the stomach to make us sick?,1
Bubble feeling in chest when breathing.,2
"Not sure what's wrong with me, can anyone help?",1
Why is my neck swollen?,2
[16M] What is wrong with my knee? Please advice.,1
"I have problems with almost daily diarrhea after dinners and a bubbly stomach, what am I doing wrong??",1
Rash. Any ideas?,1
Had an infected cyst drained 2/13/18. Does it look okay? It hasn't hurt or itched in weeks.,1
How can I avoid getting herpetic keratitis?,1
What the hell grew on my face,1
My friend died from Budd-Chiari Syndrome. Does anyone know anything about it?,1
What are these weird sore lumps on my back?,1
What's a safe amount of weight to lose in a week?,1
What is this white spot inside my mouth? (Smoker),1
Why am I seeing shit on Benadryl?,1
Chronic back pain (kidney) and I don't know what to do anymore.,1
"Ankle pain w/o trauma, resolved quickly and spontaneously, what happened??",1
Asking Research Help .Is there any system in human body to deliver specific substance to specific organ or tissue?,1
Will getting a hormonal IUD work just like my birth control pills? What is the procedure like?,1
Why does my groin hurt when I hike?,1
How bad is my acohol consumtion behaviour?,1
Recurring sharp pain in inner thigh muscle when stretching.,1
"I get teased with ""You have skin cancer""",1
How do I go about getting this perscription filled? Walgreens Pharmacy is saying the quantity is too high.,1
Why won't my thumb heal?,1
"Having testosterone problems, wondering if any reproductive endocrinologists could help out?",1
How damaging is alcohol for an apthous intestinal ulcer (Crohn's disease)?,2
"I have semi-debilitating stomach and back issues, and can't see a doctor until Monday, can anyone help me?",1
Barium swallow normal - but how?,1
Intense nightly headaches that suddenly dissipate when I swish mouthwash,1
Why are my eyelids yellow? [x-post from SkincareAddiction],1
I may have just accidentally vaped hand soap. What do I do?,1
"Left leg is swelling, doctor can't figure out why",1
Scary reaction to nitrous oxide... Have you seen this before?,1
Trying to figure out what's happening to me as I wake up.,1
extremely shallow breathing and sweating when asleep,1
What is usually of more concern to an ER Surgeon/Nurse? Blunt or Sharp Force Trauma?,1
What's wrong with my throat?,1
Why is my scar like this?,1
"Tension, dullness, numbness, what to do?",1
"30yo M with a pair of symptoms, wondering if anyone can draw a connection.",1
What is the treatment for people with high Agatston score?,1
Partial Lateral Collateral Ligament injury to right knee.what is the best treatment available ?,1
Pic attached: what is going on with my varicose vein?,1
"[NSFW] Gyno diagnosed me with Lichen Sclerosus... I disagree, what do you think?",1
"32 F Post Concussion, migraines, confusion. Any neurologists here?",1
Why do I have elevated liver enzymes??? (Xpost from r/AskHealth),1
What can happen if you scream with a lost voice?,1
"(17yo girl) What's wrong with my finger? Feels and looks noticeably different from other fingers. Has small, indented lines all over the tip. Pics inside.",1
Hand shakes when fingers are extended,1
What's wrong with me! I'm always taking in more deep breaths and yawns constantly throughout the day,1
What are treatment options for Type D Congenital defect of atlas arch? There isn't much information available online.. :/ thanks in advance.,1
How long can i use 1% triamcinilone to my eyelid?,1
How long can caffeine withdrawals last for a heavy drinker? Is this possibly something else?,1
"Aching pain I used to get as a child in my foot started happening again, what could this be?",1
"Sometimes when I take laxatives, my bowels are emptied almost immediately. (1-3 hours). Other times, the usual 8-12 hours. Sometimes it takes 24 hours! What's with the inconsistency?",1
Can't really move toes,1
Slow drug absorption& Digestive issues -any insight appreciated!!!!,1
What's the reason when sometimes my chest hurt when I squat or duck?,2
"why do i get basically either ignored, abandoned after intial meeting, or never responded to at all by doctors?",1
Carboxytherapy - is it safe?,1
What are these relish bumps on my skin,1
"Swollen feet. Swell when I walk, sit.",2
Does this need stitches?,2
white clear fluid where penis head connects with foreskin,1
Can you tell what kind of burn this is?,2
"help figuring out whats wrong with my, what medication / food safe to consume",1
Fingertips may be partially frostbitten,2
[21+] what would happen if i inject syringe air into my arm's vein? Does it hurt?,3
Are there any known cures or even newer unconfirmed ones for Multiple Sclerosis?,1
How much swelling is normal after knee surgery?,3
Mystery Illness/Many Symptoms/No diagnosis NEED ANSWERS,1
What are these white things in my hair??,1
Should I be worried about how I could have possibly gotten hypoglycemia?,1
What's the right way to treat a cold sore?,1
HELP! I feel that I might have developed Post Orgasmic Illness Syndrome. What should I do?,1
What the hell is on my tongue?,1
"Hip, tailbone, knee pain. What type of doctor do I see?",1
Why a delayed reaction to muscular stress?,1
I ate aluminum suspector. Am I in any trouble?,1
Where can one find a doctor to remove tonsil stones?,1
White spot on face has been here for three weeks,1
Why did I get sudden onset neck pain without any injury?,1
Dermatologist referred me to an Obgyn. What to expect?,1
Staying in the air conditioner over night increases the frequency of me catching colds. What should I do?,1
Why is there not a (better) penis enlargement surgery?,1
"How do I use retin-a, Clindamycin, and Benzol Peroxide wash properly?",1
"Injured my shoulder climbing. MRI came back clean but there is something definitely wrong. Anybody have anything similar, if so what was it?",1
Is there somewhere I could research how certain surgeries are done in great detail? like a website or textbook. Maybe something like what surgeons would use for review.,1
will frequently jumping from a height of ~8 feet onto a soft surface cause any kind of brain damage (however small)?,1
What's the contradiction for supplementing magnesium with bradycardia?,1
I swallowed a small sharp piece of plastic. Is there any reason to be alarmed?,1
Reoccurring abdominal pain is back with a vengeance! What to do?,1
"Redding Please help! Running, tickling nose + sneezing",1
How can I treat a spider bite at home?,1
What cancers/ tumors are linked to pain in the eye or around it?,1
"Ache in my testicles, is this normal or what?",1
I need a endoscopy but no insurance and broke. Here is what Ive done so far,1
Is there any significance to elevated folate levels?,1
F(16) pain when ovulating?,1
Why do alcoholics choose to stay drunk when they're sober and can make rational decisions?,1
"Feeling I might faint at any moment, dizzyness, lightheadedness",3
how to i avoid getting gallstones in the future ?,1
Any relationship between chronic lymphocytic leukemia (CLL) and chronic kidney disease?,1
What is the difference between nasal and temporal fields of vision?,1
What is wrong with my tongue?,1
How come I can't do loud farts any more?,1
"I have a slight, or pinchy pain around my knee when I sometimes press on the ground with my leg, what is it?",1
"Rough estimates on time frame for stage 4 cancer patient, and what options there may be.",1
"Both my grandfathers died of cancer in their 60s, what can I start doing today to lower my risk",1
UFC fighter Anthony Pettis posted this picture. Can't figure out where the injury is,1
"How to find a Doctor that practices functional medicine within the UK, Scotland.",1
"[28 m] Loud noise exposure. Felt like something snapped in Left ear. Now have severe ringing, pressure and noise sensitivity. Doctors shrug shoulders. What is wrong?",1
[Video game character] How painful and debilitating would this level of scoliosis be in real life?,1
"Got multi quat sanitizer in my eye, what'd I do?",1
At what point should I ask my PCP for a referral to a Rheumatologist?,1
"Unexplained 75 pound weight loss + other symptoms. r/AskDocs, I'd really appreciate your help.",1
Hysterosonogram gone wrong - what now?,1
"What NON-serious things could cause crazy high blood pressure and heart rate? (200/130) (already treated, looking for ease of mind!)",1
"Narcolepsy, Sleep Apnea or something else?",1
How to treat thrush on tongue?,1
"Left shoulder easily injured, pinky and ring fingers tingling. Any idea what this is?",1
"My father fell off his bike, and as every other man before him in this family, has an irrational fear of going to the doctor. Anyone able to confirm if he broke his thumb and does or does not need to visit a doctor?",1
Why might I feel my blood sugar spiking so much?,1
"When I had mono, they did not know what it could have been my mind was cloudy. Before my MRI they gave me a chemical that caused me to become super paranoid and felt like I was being sent to my doom. What was it?",1
"What are effective ways to help heal angiodema, face swelling and blistering?",2
"Swollen throat (uvula?) having trouble swallowing, persistent for a month. Pictures attached, what could be the cause?",2
Why would drinking alcohol make a torn muscle flare up?,1
Erectile Dysfunction at age 20? Is it psychological or did I damage my penis?,1
How long is viral pneumonia contagious?,1
"Possible foreign body in eye, but doctor does not think CT scan is necessary after pain persists for 3 months",1
Why do we feel dizziness when we breathe heavily?,1
Can you explain like I'm 5 why I can't tolerate caffeine?,1
This raised black dot has been getting bigger. Any ideas?,1
Any experts on POTS and/or dysautonomia?,1
What to do to lower my pain ?,1
"Mild skin burn, how to make the texture back to normal?",1
How long will tar stay in my lungs?,1
"Callus/blister/something on my hand, been lingering for about a month now. Not sure what it is or what I can do",1
What can I expect in the future from an eye damaged by a concussion?,1
Does anyone know what this red bump in my pubic region is?,1
What is taking so long in coming up with a way to increase the size of a penis?,1
How do I rid myself of ear congestion?,1
How do NRI's treat anxiety and panic?,1
Any Support Groups for Vertigo?,1
"What are some possible causes for me bruising so easily, and why does my doctor insist on seeing me again for it?",1
What risks do I face with untreated psoriasis? (Looking for dermatologists input mainly),1
Moles which are not in sun exposed areas - what is the explanation?,1
Why have I had backpain for nearly 30 years that keeps getting worse?,1
Who would specialize in understanding how the body digests proteins like casein?,1
Out of no where my feet have swollen...,3
What is the cause of my headaches?,1
Magnesium cures my anxiety but causes adverse reactions. Anyone knows what's happening?,1
Transabdominal cerclage consultation – what to ask?,1
"[16 M] 2 days ago, I started having blood in phlegm, wondering what it could be.",3
Constant arm and hand pain for the past 2 months. Nobody knows what's wrong with me,1
Why after exercising does my heart seem to lose it's thump?,1
"Very small bumps/blisters/scabs? in between fingers. Not itchy at all, just weird and not sure what it is",1
Episode where it hurt to breath in?,2
Need help diagnosing what's wrong with my nails.,1
How to cure an oral and penile yeast infection?,1
Why can I only sleep in UNfamiliar places?,1
What are the chances of MRSA NOT recurring?,1
Pain near groin whenever I land from jumping off an edge. What's going on???,1
I keep getting epididymitis and I'm not sure why,1
What caused this on the back of my mum's leg?,1
Nose has been swollen for 2 months!?,1
Late 30'sF bowel issues have Colorectal Appointment what should I expect?,1
Depression after surgical injury - I don't know where to turn,1
What is it called when a baby's feet were abnormally folded since birth?,1
Possible Allergey. Face has been feeling tingely/numb.,2
What would you consider to be a clinically exceptional reason to qualify for a vasectomy?,1
Got a few mouth ulcers. How do I get rid of them??,1
"(x-post r/asktransgender) I wasn't sure where to ask this, but I have a medical question that's got me scared (a bit NSFW)",1
"HEyyy, are any of these supplements/vitamins causing headaches?",1
"My right pinky is twitching randomly, what's up with that?",1
Why does my mind visualize such things?,1
How to deal with hypersensitivity?,1
WHY do vaccines (flu shots) make us feel bad while our bodies produce antibodies?,1
Can anyone help me identify this rash?,1
"I am 22 and I don't have balls, what should be my next step?",1
(PLEASE HELP!!!!) MY HANDS ALWAYS FEEL STICKY! HOW DO I FIX THIS!!??,1
Can anyone identify this red lump behind my wisdom teeth?,1
What is this tiny lump above my belly button?,1
"Recovered from Stomach Flu, but eating is still tough... what do?",1
Any risk of nerve damage?,1
How to get rid of a sinus infection for good?,1
Uncontrollable shaking hands. What could this indicate?,2
What are the tests you can do to get more insight about your allergy?,1
How do I find out which doctor provider is good?,1
How does this road rash look? (Is it infected?),1
I've just recovered from being sick with what was most likely Rotavirus. Can I bring home guests without them getting sick?,1
Will there be any difference with taking expired Ritalin to treat ADHD?,1
What circumstances make death instant?,1
Why do I have high BP and what should I do to reduce it?,1
"Lump under the toenail. Sensitive, sore, no puss or fluids. Any ideas?",1
"I think I have an anal fissure but I'm having IBS, now what?",1
I have Y chromosome microdeletion and I've been on TRT for two years. Is there any chance I can get my gf pregnant?,1
Any danger with untreated Epididymitis?,1
Need Help Identifying Seriousness of Burn,2
Why is the bone on my face disappearing?,1
How likely am I going to die early for alcoholic liver damage?,1
What are my chances of having an std?,1
"Fractured my fifth metacarpal a month ago. Healed and cast is off, how long till I can play tennis?",1
I have two sperm granuloma's. Please advise.,1
Wristpain when gripping and squeezing objects.,1
How often should blood work be done during chemotherapy and radiation?,1
Burning sensation when I urinate,1
My resting heart rate has been 115bpm the last few days?,1
Why am I losing hair?,1
how long to recover from knee injury,1
Knees aren't straight when lower leg is,1
What to ask my urologist - occasional rotated left testicle,1
I'm considering deep brain stimulation for treatment resistant depression. If anyone could weigh in on this big decision...,1
Why do my lymph nodes keep swelling? And more,1
Is there any point to seeing a doctor about a possible minor foot fracture?,1
"A few questions about my liver enzymes, how the liver heals and cervical cancer",1
randomly broke out in flesh-colored bumps on my forearms - what is it?,1
How do I go about finding a new doctor specifically a good one?,1
What can happen when you burn yourself on a radiator?,1
My veins get pulled alot. IDK what it is called.,1
What the fuck is causing my mom's weird nocturnal neurological symptoms?,1
"Any ways to prevent getting petechiae again, and ways to shorten the healing time?",1
Need help regarding lethargy and supplementation,1
Bump inside my nostril - what should I do?,1
"scratched (what looks like a mole) on my head, bleeding",1
24-hour sneezing marathons: why?,1
Thumb has been 'asleep' for days after tearing cardboard.,1
Is there any way to make a broken cuboid more comfortable other than RICE-ing it?,1
Need help with Brain MRI Report,1
"(22m) Any idea what this is? cyst/pimple thing on inner thigh (NSFW photos, hairy inner thigh)",1
What is this painful annoying thing on my foot?,1
What is blood type O (I)?,1
B12 deficiency anemia - how does treatment work?,1
How to find a personal use hematology analyzer?,1
What sort of medical issue is this?,1
My bf's [21] dick has been going numb for about a month now. (More in post),1
10 Year Mystery Illness - Help!,1
"Occasionally getting sudden onset of a hazy feeling, delayed feelings of touch in entire body, sort of disconnection feeling in head. What could this be?",2
"Severe Groin Pain, Please Help",2
Any way to significantly reduce these scars?,1
What is this small black dot on my finger?,1
Girlfriend showing signs of alcohol poisoning after not drinking much,1
How can i convince my GP to refer me to a colorectal surgeon?,1
Possible meniscus tear? Don't know how to proceed...,1
Help with interpreting blood test results,1
Do I have Morton's Toe? Trying to figure out what is causing recurrent toe spasams.,1
Are there any invasive cardiovascular technologists here?,1
I don't know where else to ask this: lice,1
Why do I feel sick when my heart starts acting up?,2
29 year old with bum neck. Any suggestions?,1
Cold sore. Drinking glass. Dishwasher. Is that enough?,1
Why am I constantly tired/fatigued?,2
May have a concussion yet not sure,2
How much would you trust the info on treadmills heart rate wise,1
How long would it take for blood test results to change going from a very poor diet to a great diet?,1
Physical therapy on shoulder. Where to go from here.....,1
What is this knot below my ear lobe?,1
Toe injury not healing. Please answer asap!,1
What was the mechanism of my necrotizing Pancreatitis? And other questions,3
How severe is my blood work?,1
Spot on head that hurts temple when I touch,1
What is the Dr trying to say about the MRI of my knee?,1
25/M about a month ago I noticed this thing [pics in post] on my scalp and it hasn't gone away since. What is it?,1
Why do I constantly feel like I need to go. #2?,1
Resting heart rate dropping after changing diet. Is it safe?,1
4 yrs simple partial seizures followed by what i suspect is a secondarily generalized seizure last thursday.,2
"Symptoms of depression, what tests to rule out most deficiencies?",1
How should my jaw be held when relaxing?,1
"What are these bumps on my neck, and how can I get rid of them?",1
Eyes have been messed up since March. Not sure what is going on?,1
Any way to help counter near sightedness in one eye.,1
"Strange hives, any suggestions?",1
Can a uterine ablation be done if you have a pacemaker?,1
Lake water up nose. What is the real risk?,1
Freezing chest when breathing?,2
Weird skin rash/pigmentation? What could this be?,1
"What is this strange skin discoloration,",1
"Cardiology question! Sinus Nodal Reentrant Tachycardia - rare, but what does it really mean for me?",2
Doctor said I had genital herpes...,1
"When I encounter a really stressful situation, my lower back immediately starts hurting and throbbing. What is this?",1
What are my options if gi/pcp deny my referral request?,1
Best way to get rid of what I think is a boil?,1
Blood test results; how high is my bilirubin?,1
What are some signs of an infection after a wound scabs up?,1
What are the odds an undiagnozed BP I in non psychotic mania getting a stabilizer after eval but before they crash absent hospitalization.,1
"Less minor medical issue - what say reddit docs? (Wall of text, much appreciate you reading)",1
What is wrong with my eye?,1
What conditions cause stomach problems after drinking milk?,1
"19m, scared I may have contracted HIV",2
What's going on with my toe?,1
How can I sleep with second degree sunburn?,1
What is cholesterolosis?,1
What is the weird crackling sound in my ear when I lie down?,1
weird stain i had for more than 3 weeks. what is it?,1
What is the best Vitamin D to get,1
Lately have been having trouble with an increasing bloating feeling and burping and I'm not sure why (reposted),1
What should I do? (Having orange urine and tan stool),1
Could my panic attacks be heart related? What additional tests should I do?,2
How do I stop/control myself from having a mini panic-attack when I go into work?,1
"Fatigue, high monocytes, and a doctor who was late for lunch",1
Moderate sleep apnea + Excessive day time sleepiness treatment questions,1
Wife is very sick and I have no idea what to do. (HELP ASAP),2
Does gadolinium stay in your body forever??,1
Can't tell if strep throat or sore throat or what.,1
Am I under or over-reacting? How to find compassionate gynecological care? Extreemly painful periods / IUD / Lactation,1
Palpitations dont let me sleep,1
How likely is it that my baby will be born with FAS??,1
Help with Pituitary Tumour side effects?,2
"Treated for UTI a week ago, experiencing back pain and abdomen pressure now. What gives?",1
"Possible Hernia, if not what could it be?",1
"Steroid injections for iliotibial band enthesitis, any risks?",1
"Extremely bloated, shortness of breathe, My spine feels heavy, feels like I ate an overinflated basketball. What is going on with me?",1
Cut on thumb turning green. What should we do?,3
Hit my head pretty hard yesterday morning. Don't think it's a concussion but wondering what precautions to take? Album inside,2
How dangerous are moldy food spores?,1
Why does hypoglycemia have to be medically diagnosed and not self diagnosed?,1
What is the name of Trachea disease?,1
My knee... what have I done to it?!,1
What are my feet doing? Possible dermatitis? Fluid filled pockets of tiny dot clusters? Please help!,1
How Common are swollen lymph nodes in Neck,1
what is this pain in my upper leg?,1
[NSFW] Any idea of what this is on my penis?,1
"Joints hurt, what should I do?",1
knee is tender when bent,1
What muscle relaxers can I take while on Citalopram 10mg?,1
What to do with my pancreas,1
What's the best way to treat an open blister?,1
Ultra sound found a cyst on my right epididymis. Is this cancerous and what causes it.,1
[Doctor vs Therapist] Blood work results and supplemental/dietary change needed. What side is right - one or both?,1
How fast does Pink Eye set in?,1
Experienced Subungual Hematoma (Bleeding under toe nail). What should I do now?,1
I have a painful red bump on the bottom of my foot. Can anyone tell me what it is or how best to treat it?,1
How bad is not wearing glasses?,1
Face tingling when laughing,1
How long are CBC tests accurate? Normal blood work two weeks ago but now experiencing what seems like petechiae?,1
Throw away account... What is this on my lower back?,1
"Daughter has a fever of 102.4, ped is always unconcerned. Is that okay?",1
How long should I have to wait until I get test results back?,1
What could be causing pain in neck/shoulder?,1
Would anyone on here be able to decipher these cmet results?,1
Need help with knee diagnosis,1
What is an echogenic appearing liver?,1
Why does my face look like this when I wake up some mornings?,1
I can't tell what this lump is,1
WTF is wrong with my ears?,1
"Sensation of 'buzzing' or 'growling' similar to how the stomach reacts when hungry, but in rectum, please advise",1
Chemical burn fully healed in 4 days. How?,1
Was what I experienced last night a minor heart attack or a panic attack?,2
"Tiny bump appeared on thumb overnight (not raised, itching or painful) what is it",1
Skin lesions - how urgent?,1
I ripped of the nail after a subungual hematoma because of stupid impatience. Now what?,1
How do I care for this burn?,1
"Pain in lower throat, hurts to breathe, speak, laugh and eat or drink anything at all. Why?",1
Hiatal Hernia and other issues: what should I expect for treatment?,1
Any ideas? Another doctor stumped.,1
What skin disease do I have?,1
Uncomfortably sensitive penis head causing discomfort when walking,1
Why did I get the sensation that I'd wet myself when I had a CT scan?,1
Doctors and Med Students: What vital signs are generally most critical to monitor post - surgery,1
Positive for Chronic HepB - How will that affect me becoming a doctor? (xpost from /r/premed),1
Mosquito Bite? - WTF,1
Lump near taint (I don't know the official word for it). Don't know what to do what kind of doctor to go to etc.,1
What possible causes are there for enlarged sebaceous glands in the scalp in young men?,1
How do I stop feeling icky/queasy when having blood drawn?,1
How permanent are the effects of second hand smoking on the body?,1
"Neck and shoulder problems, fatigue and facial pressure...what is this?",2
What does my history and recent testosterone test results mean?,1
What are my options as the potential teen father?,1
Please help me find out what's wrong with my neck,2
Does anyone know if these meds can conflict together with catastrophic results?,2
Why do my pain meds not work?,1
What happened in gun shot victims when they succumb to their injuries days later?,1
what is causing me to have common cold every 2 months?,1
"My whole skeleton hurts, stomach ache for days, dizzy, can't sleep",2
How quickly does your health change?,1
Anyone here had a K -wire in after breaking a bone?,1
How much vitamin d should I take if I do not go outside for two weeks?,1
I just developed a rash 9 days after starting amoxicillin... what do I do?,1
Hangover related nervy type pain everywhere,1
"How flexible/strict should I be on my baby being around unvaccinated family, and for how long?",1
Newly developed reaction when eating certain foods,1
"Took the bandaid off recently, tiny laceration still not closed, skin looks weird, overall wtf. Am i going to need medical attention?",1
Are you supposed to take Valium every day regardless or only when anxiety symptoms present?,1
Possible sleep apnea?? Please help!,1
What are some good ways to cut back on sugar cravings?,1
What exactly are the dangers of repetitive antibiotics use?,1
Throat advice please?,1
My husband has been having severe nocturnal leg (thigh) cramps and spasms,1
What's this on my penis?,1
Memory Problems - What are my next steps? (44 year old woman),1
"(F23) Weird bump under breast, what is it?",2
Why am I getting sharp knee pain?,1
How reliable is the information given on health tv shows like Dr. Oz or The Doctors?,1
"Who to believe, should the ER and doctor have ordered a CT/MRI?",1
Is it appendicitis?,2
What do people take for pain who can't have NSAIDS or Tylenol?,1
What would be a reason consuming stimulants(such as coffee/energy drinks) makes my thinking sluggish but of ethenol clears my thinking.,1
Kidney failure symptoms. How long do i have left?,1
Massive bruise a week after blood test... What caused it?,1
Any ENT medical professional here?,1
What is the quickest way to get treatment as a 17 year old? (x-post /r/Testosterone),1
Anyone knows what does ELI-Viscero-24 screening blood test mean? Does it work?,1
Have possible meniscus bucket-handle tear. What is the recovery like?,1
Weird medical incident today caused confusion & vision issues,2
What happens if I show up at the ER and the doctor is a friend or acquaintance?,1
Swollen lymph nodes and tonsils but feel fine,1
Lexapro (escitalopram) withdrawl? How long will this last?,1
What in the world is wrong with me? (overall),1
I've been constantly tired for weeks and I'm not sure why,2
"Numbness, weakness, shakes & twitches? What on earth is wrong with me?",2
How bad can smoking a cigarette 20 min before workout?,1
Wtf is going on on my right nipple? It has bumps?,1
Why do my eyes water when i see the color red?,1
What to do about high blood pressure at young age?,1
What are these bumps on my lip?,1
Recurring Cellulitis - Why am I so susceptible to this?,2
My 21 year old sister has a 'mass' behind her Uterus. It's not a cyst and she is 8 weeks pregnant. What is going on?,2
These marks showed up on my stomach today...what are they?,1
Why is cancer pain often worse during the night?,1
What common household medicines are bad to take after their expiration date?,1
Finger has been bleeding for 2 hours?,1
Has anyone here had success with genomind which is a personalized medicine company?,1
What will relieve pain in lymph nodes caused by flu?,1
What to expect at gastroenterologist for nausea?,1
How do you tell if a thought is legitimate or anxiety induced?,1
Eyelids swollen/puffy all the time,2
24M Erection difficulties especially when sunlight from outside interferes with sleep quality,1
How do i 'wean' off vitamins? i tried once and my skin became wrinkled,1
"Had a concussion last week, got drunk 5 days later. Feel completely awful and can't think. How badly did I screw up?",1
Weird episodes of neurological symptoms - have you heard of anything like this before?,1
What's happening with my knee?,1
GGT levels over 900. How dangerous is this?,2
Besides Shortness of breath what are most commonly presented symptoms in patients with Pulmonary Embolism,3
Medium chest pain when taking a breath,3
How to get veins to show without drinking water?,1
How to mitigate smell of rotting wisdom tooth?,1
"Chiari malformation, what can I do? Please, I'm desperate",2
How to proceed one week after possible TIA?,2
Anybody good at deciphering medical handwriting?,1
How to get appetite back from IBD?,1
Why does my nose just randomly swell?,1
Is this a bug bite? Should I have any concerns?,1
"Itchy rash on torso and arms for 1 week, what is it?",1
"Blue dots appearing all over legs and butt, what ARE they?",1
Black dot on inner eyelid- wondering what it could be.,1
how Do I stop Mouth Breathing? I have tried mouth taping but it comes off,1
Can anyone tell me what this thing on my tongue is?,1
Numbness in hand/wrist. Shocking sensation when I grip things.,1
Lip still swollen 5 weeks after Mohs surgery -- Any tips on making it recede more quickly?,1
"I have an excessive face sweat issue, what could be the cause?",1
"GP: ""Take thyroxine."" Psychiatrist: ""Your thyroid is normal"". Who do you think is right?""",1
How many hours appart can I take Vitamin B 50 complex?,1
How common is chest tightness and pain with acid reflux?,2
"What could cause nail pitting besides psoirasis, arthiritis, and Alopecia areata?",1
Major hairiness.How do I get the right help?(f18),1
Intense dizzying headaches? Nausea? Fatigue? What should I do?,3
"My hands hurt after going to the gym, any ideas why?",1
Trouble getting enough sleep,1
What is this growth on my butt?,1
What's this rash?,1
Question about a family member who has very bad cough for many weeks.,2
Experienced something odd last night. Sleep disorder?,1
How is my ECG?,1
What did I do to my toe?,1
Minor inflammation on the flat part by the ear canal – how to safely treat it?,1
I am getting a regular Blood pressure reading of 189 systolic / 143 diastolic. I am 38 years old. How worried should I be?,2
"How serious is a torn frenulum, and what should I do?",1
How can I link constipation with food consumption (in time) + Question about my constipation issue causing painful erections,1
What's wrong with me? It's been five days and my throat is still hurting...,1
"How do I treat jock itch (male , crotch area)",1
Having a lumbar puncture tomorrow. How much does the anaesthetic hurt?,1
Im fairly sure I have throat cancer and I don't know what to do,3
I've been a smoker for four years - is there any hope for my lungs?,1
What is the reason my middle toe is the longest? I'm the only one I've ever seen like this.,1
How would one ask for an extensive checkup after 10+ years of no medical care.,1
"Painless bump under eyelid been here for about a month, what is it?",1
Grass allergy? I need help,1
What causes boils?,1
Unknown skin growth on a relative of mine who lives in Afghanistan,1
How is Severe combined immunodeficiency treated in 2016?,1
How to increase myopia eyes diopters?,1
How to save my gallbladder? I'm a little attached to it.,1
Strep Throat: What to eat?,1
"Why do I feel faint, blurry vision after 3 hours of eating?",3
Help with metabolism and circulation symptoms,1
"Mouth abscess, what to do?",1
Why does getting the flu shot make you feel so crappy.,1
Urine is abnormally dark brown no matter how much fluids I drink,2
How would a hospital treat Albuterol overdose?,3
How bad was my blood alcohol?,1
Pulled mid/left back muscle four times in past six weeks - what stretching/exercises are best?,1
Is it possible to state any general rules for when it's advisable to seek medical attention?,1
"(23 years old) Breathing anxiety, what to do?",1
How accurate is a 4th generation HIV test at 33 days?,1
How common is submucus resection surgery?,1
What's with the veins on my legs?,1
I piss sperm when using vyvance,1
"Transient Patellar dislocation, do I need surgery on my knee? What are my options?",1
Girlfriend has glandular fever/mononucleosis - how long until it is safe to kiss her?,1
"Intense pain in eyeballs, lasting about a month now - what is going on??",2
"Trying to figure out what's wrong with my boyfriend in hospital, his mom isn't answering my questions",1
Sleep for 30 hours,1
How do I find a Therapist?,1
Why do I never get hungry?,1
Starving all the time.,1
Can anyone take a guess as to why this wound/area of skin won't stop oozing?,1
Accidentally only been taking half the dosage of an antiviral. What do I do?,1
"Having an on and off pain in my right testicle, but I haven't seen or felt any swelling, soreness or lumps of any kind. What can it be?",1
What would cause charlie horses in feet when your feet get wet from rain?,1
What are these skin lesions,1
i've been shivering instead of sweating. wtf?,1
"Help: Dug a small, black, pea-sized pebble from my calf. Pretty sure it's naturally occurring. What is it?",1
Older people who can't stop opening and closing their jaws?,1
"Bleeding from ear, what do?",3
[Q] What causes astigmatism?,1
How to test for dyslexia without confirmation bias,1
I need to burp constantly at night only. What is this?,1
How to make my poop denser than water?,2
What are the active ingredients that kill toenail fungus?,1
Horrible allergy-like symptoms for a month now. Why?,1
Blood clot(?) in my throat on the right side - what could this possible indicate? (I smoke),2
"Not sure where to post this- need to indicate I cannot have an MRI in case I am unconscious, how can I do this",1
"Ridiculous question: what is worse for you, hot dogs or cocaine?",1
Why do I get sick so often now? How do I stop?,1
I hear an alarm noise that isn't really there. Nobody else can hear it.,1
Are there any toothpastes for adults that don't have mint?,1
[mental illness] does anyone know whats wrong with me?,1
"Theoretical Question for a pt with C3/C4 SCI Autonomic Dysreflexia. Why can the PSNS lower the HR, but not dilate the vessels below the SCI?",1
How Long for Fresh Pink Skin to Heal After Scab Disappears?,1
Are there any new insights on anorectal abscesses/fistulas?,1
"What is wrong with me? 25m, stomach issues.",1
Why am I unable to hold my breath some days?,1
Warnicke- korsakoff syndrome? Please help.,1
Why is 'artificial cryptorchidism' not used as a male contraceptive?,1
"Kicked chair two weeks ago, toe still swollen and sore. Any point in getting an x ray?",1
What is this constant cut on my finger all about?,1
Horrendous family history of cancer... How can I go about staying vigilant?,1
What to do if you eat some horse chestnut?,1
What does it mean when a stroke patient suddenly spoke un-comprehensively/ gibberish?,3
Azithromycin and Alcohol - how soon can I have a few drinks?,1
"High BP, Can you suggest what i should do and not do?",1
"Professionals/ Doctors of Reddit, regarding on how to use these products that I bought from Dermatologist.",1
"Little bit of gauze stuck inside heel wound, what should I do?",1
Need help with head injury.,2
How to cure dry eyes?,1
I have had a hand wart for more than a year. Tried digging it out with an x-acto knife. What now?,1
Hyperpigmented band on one finger; thoughts please.,1
Ongoing periods where my heart does something? Very confused.,2
"Doctor wants gf to do gallstone removal surgery asap, She does not have any pain",1
"I get painless bruises all over my legs (and sometimes arms) if I spend too much time sitting or laying, what is this?",2
"I think I have carpal tunnel syndrome, need advice.",1
Why would a steroid make my face LESS puffy?,1
Overall sticky feeling at certain times of the year? Why does it happen and how can I treat it?,1
"Doctor ordered an ultrasound for my liver, does anyone know what this could indicate?",1
"Think I may have an STD, need your guys' help (pic included)",1
Any advice on a skin rash/condition?,1
Help with urinalysis?,1
Why do I hear music at night while I try to sleep?,1
Hole in back of mouth where food sometimes gets stuck,1
How can I get records of my hospital admission?,1
Why do my cheeks tingle when I eat something good/sweet at first bite?,1
Is there any medical procedure where I can have a protease injected into internal scar tissue?,1
Who do I go for urethritis?,1
"I've been feeling much more tired and sleepy in the last month even with adequate sleep, what is going on?",1
How long are contact lenses good?,1
Why do I always unconsciously shake my leg while sitting?,1
Why can't paralyzed people be fixed?,1
Is the Sphenoid bone movable in the human skull?,1
Is it heart burn?,1
Opinions on what this could be? (Opthamology/Rheumatology),1
Is Hydrogen Peroxide (food grade) good for health taken orally? Also what about iodine if I don't eat much salt?,1
How Much Sleep Is Normal / Healthy After An Operation? Also Issues With Taste Of Food & Low Saliva - Help please :),1
Would a sleep aid and magnesium help with hypnic jerks?,1
What can I have done to open up my upper air passageways?,1
My girlfriend (25) had stroke-like symptoms yesterday. Family members suffered it. What should we do ?,2
How do I figure out what's wrong with me?,1
PTSD or what could it be?,1
I have a question about exercising and how this can affect the levels in your blood when tested,1
My friend is having spontaneous rashes on her face. Anyone knows what's going on?,1
"Hit my thumb, swelling and pressure keeps continuing and throbbing. How to tell if it's fractured?",1
"If someone could please explain, what causes asthma?",1
Whats this bump on the back of my leg?,1
What could be causing this nasty metallic taste in my mouth?,1
What supplements should I take if I'm on depo?,1
"Ophthalmologists on Reddit: any idea what could cause sudden onset corectopia? [pic] I can't see a doctor for a few days, I'm worried.",1
Could anyone with knowledge of being Lactose Intolerant give me some insight?,1
What is this all over my mouth?,1
What is wrong with my toe?,1
How concerned should I be of a heart rate like this?,2
"Just collected a package from neighbours house and they had signs of stroke, what should I do?",3
Is there any alternative to Risperdone?,1
How long after a small wrist fracture/chip should I expect lessened mobility/swelling?,1
"How the hell do I get rid of extremely painful and uncomfortable hemorrhoids?! Dear God, HALLLPP. D;",1
Need advice on dealing with severe symptoms of Gilbert's Syndrome.,1
Twitching caused by sleep deprivation or stress?,1
Can body fight off STI naturally?,1
Old injury never looked at. Any point in doing so now?,1
Why did I pass out after peeing?,1
Lower back pain is ruining my life. Any advice?,1
Any tips on treating acne?,1
"Pressure on forehead during any physical activity, with Acute Sinusitis?",1
Magnesium Citrate- when does it wear off?,1
"On antibiotics, but my eye continues to swell. How can I reduce it?",1
"Constant muslce pain since april. Comes in episodes, no visible marks. Any suggestions?",1
"Chronic muscle cramps. Seen multiple doctors, no relief. Any ideas?",1
calf muscle leg cramp/overstretching? what do i expect,1
What could cause slurred speech in a 19 year old male?,1
What could of have happened to me a few years ago,1
What are these itchy red bumps?,1
Doctor suggested an Ultrasound. Where exactly should I go for this?,1
4 oz of stout beer and I blew a .18 Why do I get drunk so quickly?,1
What is this on my legs?,1
"Blood, bone marrow - what else can I donate while I'm alive?",1
Bubble feeling in chest when breathing?,2
Recent surgery. Developed staph (likely MRSA) infection. How do I know if I'm getting sepsis (while taking midodrine)?,2
"Mild pancreatitis, how to not make it worse.",1
Why does my left leg feel somewhat fine after I worked out?,1
Foot pain near arch area need help.,1
"Ozone gas poisoning, is it serious?",1
MRI and Ultrasound results...can anyone tell me what they mean?,1
What really happen to your body when you lost your consciousness? Does your body and organs work the same after being in critical condition?,1
Why is flour inflammatory?,1
High-normal amount of free T4 but medium-normal level of TSH. What does this mean?,1
Muscle weakness in arm from pinched nerve in neck or bad sprain; how long till my arm strength is normal?,1
Gua Sha - How does it work?,1
"DVT Symptoms, what do you think?",1
Why do my eyes get super red when I smoke marijuana?,1
Large bump directly under sternum where ribcages meet?,1
What's going on with my moms fingernails?,1
What is Sinus Tachycardia?,2
I accidentally swallowed a bottle cap. What can I expect?,1
what are these spots on my lips?,1
What is this pink spot on my foot?,1
What is the medical process for going to the doctor when you loose a finger?,3
"Tight Foreskin, Please help!",2
I fell off the bed and hit my head. What should I do?,1
Throat pain w/ what looks like a little nodule in back of throat.,1
How long after pink eye exposure do symptoms start? (F 26),1
Recessive bllod type query. The possibility of causing a miscarriage?,1
22F finally starting to get diagnosis' but what do they mean?,1
What is wrong with my right wrist?,1
Freezing legs - can't sleep,2
Vision: The color white on myself looks green. Why?,1
(Out of interest) How to dress a deep wound?,2
How do I get checked for different types of cancer without a family doctor?,1
Urinary issues.. any ideas of what this is?,1
Someone please help me figure out what's going on in my throat?,1
Left thumb numb for hours out of no where.,1
I constantly spit up clear phlegm/mucus. How can I get rid of this?,2
Fell on ground and couldnt move any muscles.,2
"I've vomited, tips for what to do after?",1
How not to get a mental breakdown with chicken pox as an adult,1
"Eye floaters - are there any vitamins I can take, eye washes I can use, ANYTHING to help reduce them? (M, 37, 200 lbs, 6'2 nearsighted wearing contacts during day glasses at night)""",1
Any chance with removing (or cleaning up) scars left by back acne?,1
Why won't doctors let me have my x-ray?,1
What are these marks around my nipple?,1
Hair loss!,1
"Is there any means to suspend release of a medication for extended periods of time? i.e. take a pill at midnight, pill's effects kick in at 6 or 7 AM?",1
When is the best time to test blood sugar?,1
What could a single day Horner's Syndrome indicate?,1
Bump on wrist? What is it?,1
Weird dreams when having the flu,1
"Small hard lump inside my mouth, any ideas?",1
Can PVCs during an ECG skew electrical rhythm readings?,1
"I had my gallbladder removed two months ago, so why am I getting a burning sensation there?",1
How common is a flushing/red face?,1
"Pulse oximeter not stable, why?",1
"Hey docs, how bad is an occasional cigarette?",1
What is the medical standard for identifying if an individual is addicted to a substance?,1
"So my ear is really starting to hurt, probably built up wax. How can I fix it?",1
What effects can Hyperthyroidism have on the voice?,1
"trembling, dizziness and feeling faint in a weird combo. looking for hints on what to do next....",3
Feeling very sick after week of bad decisions - What is going on?,1
"Anxiety attack, been eating low carb, not sure what's causing it?",1
Does anyone know about drug hypersensitivity/ reverse tolerance from a damaged blood brain barrier and how to treat it. Suffering with severe headaches for years.,1
Blood in mucus when blowing nose.,1
"(37M) Back problems for 13+ years, just got a new MRI done today. Any docs on Reddit wanna take a look?",1
"CYP2D6 deficiency, possibly the while 450 group. What can I do?",1
Why do I suddenly perceive bitter as slightly sweet?,1
"What kind of doctor/where can I find them, and any ideas what all this is? (ASKING FOR 18F)",1
"Pulled my nail playing basketball, what to do?",1
"3 weeks of bleeding and cramping, what's going on?",2
What are the chances of keeping my ovaries if I need a huge mass removed,1
Can going hungry permanently affect your cognitive abilities?,1
Anyone on here know anything about fasciotomies?,2
How to handle oral herpes?,1
Any way someone would skim at my chest ct scan?,1
How fast does hemoglobin fall after blood donation?,1
The age of old question: What does the color of my mucus mean?,1
"If I were to explore a building with asbestos for like 30 mins, what are the chances I get the negative side effects of it?",1
What do our reddit docs AND general public think about traditional Chinese medicine (TCM)?,1
"Why is my stomach shivering? It's really scaring me, please help.",1
What is wrong with my scalp?,1
Why do doctors prescribe MRI's if all they read are reports?,1
I woke up with my left ear ringing for no reason. What's going on?,2
How do feet adjust to standing for long periods of time?,1
Can't do thumbs up after breaking wrist,1
Interested in what's going on when this happens.,1
Whats wrong with my tongue?,1
Really weird Prozac side effects or something else?,1
Just an anatomical question about the whole spine/scapula/arm assembly- when I crack my back like this wtf am I doing,1
hematoma trouble?? please please help me,1
Why am I suddenly pissing and shitting myself at night?,3
[NSFW] Not entirely sure what these spots/bumps are on penis shaft and head.,1
Bruised liver? How much pain is too much..,1
Concerned that I may have an STI / STD...,1
"Diagnosed with Hashimoto's thyroiditis, any advice?",1
Can an Oblique Meniscus Tear/Bucket Handle Meniscus tear combo heal without surgery?,1
what would cause a fever with shaking chills and disappear?,1
Any dermatologists here?,1
"Left-lower abdomen pain, any suggestions as to what it may be?",1
Hair loss due to factor V Leiden,1
Atrophic Scar Prognosis. Please Advise,1
Growth type thing on my penis. What is it?,1
Girlfriend thinks she is pregnant,1
Small bumps popping up every couple of months on my underarms - red and painful - what's going on?,1
"What's wrong with eating too much fat, really? Scare me straight!",1
Why do I have cramps after my period?,1
My girlfriend has been diagnosed with connective tissue disease desmosis but the doctor wont tell her anything!,1
What's wrong with my belly button?!,1
What would be the best drug to overdose on?,3
How can you tell a muscle pain from an organ pain or a tumor pain?,1
What is going on with my scalp?,1
Anyone have retrograde ejaculation from a cystoscopy?,1
Can anyone ID sore on top of mouth pallet?,1
Non-raised red spots on inside of elbow. They get darker when I exercise or am hot. What is it?,1
Anyone have any idea what is going on with my wife's ankle/elbow?,1
What do you when the doctors don't know what to do?,1
What is hepatitis B exactly?,1
Can't sleep,1
Why do i feel like i have a permanent hot flush?,2
Is there any accurate way to tell when you are dying or close to it?,1
What's wrong with me emotionally?,1
I broke my fibula what should I do,1
A question about how somebody died quickly and unexpectedly (Non-medical professionals and non-doctors are welcomed to answer),1
What was the twitching sensation in my eye when I tried smoking and alcohol for the first time?,1
Weird EKG - interpret please?,1
Looking at posts on this sub; why is ADHD considered a disorder to be treated?,1
Alcohol and liver damage: How fast does the liver heal itself?,1
"I have a family member I think needs to see a psychiatrist, but have no idea how to find a good one. Yelp isn't exactly how I want to get a family member treated.""",1
"I want to lie about getting a gastric sleeve, what other surgery has a similar recovery time and recovery restrictions?",1
What are the chances my ankle is fractured?,1
What documents do doctors charge for?,1
Was doing some googling over how to not have permanent damage from perichondritis(infected piercing) and discovered my doc prescribed an antibiotic that won't work. How do get that fixed without sounding like 'that patient'?,1
"Rugby injury resulting in nagging back pain. Diagnosed as minor fracture of 8th rib, however radiologist does not concur with diagnosis.",1
"Severe ongoing pelvic pain, advice needed please",3
"Anal Abscess, what do I need to do?",2
What could be the cause of pain when n the back of both hands?,1
"Palpitations, what do I make of this?",1
Can anyone help me with exercise tips with a ripped tendon in the knee? my mri is tomorrow,1
"Possible ingrown toenail, please verify?",1
What are these dots on my hand?,1
How long will I be contagious?,1
I have had 7 CT scans and I'm 30 years old. What is my cancer risk?!,1
"So will a ruptured vein, or vessel, ever heal itself? What about the saphenous? No insurance, no obamacare. whatdo?",1
What are these red blobs(spots?) all over my leg?,1
"Pretty sure I have either an anal cyst or anal abcess, however im 19 and need to go through my parents for a doctor. any advice?",1
Possible help. My head has been in a different place Im thinking.,1
I'm not sure what hurts,1
"Paxil, shortness of breath and increased heart rate, what to do",2
Weird identical bumps on both inner elbows?,1
Wtf is going on with my tongue?,1
Pilonidal Cyst: what can I do?,1
"Very annoying Tonsillitis infection since May 13th, what else can I do?",1
What would cause a Swollen lymph node in crotch in an otherwise healthy individual?,2
Does this combination of medication make sense? (Heart/Blood Pressure),1
Is there anyone who can take me to the hospital?,1
What kinds of questions would a doctor ask for frequent urination?,1
What is the real likelihood of contracting the Zika virus in the US Virgin Islands?,1
"ENT Opinion, Please? Excess saliva in a loved one a medical condition?",1
33F: Severe muscle pain from neck to hip and I don't know why it's happening,2
What is this wart/callus thing on my food? What's the best way to get it off?,1
I have oily hair and I'm noticing bald spots; should I cut my hair?,1
Healthy average time to digest what you eat?,1
Burning sensation when peeing after masturbating. (NSFW),1
Where in the brain is this?,1
Longer leg hair after wearing socks?!,1
How much probiotics recommended for antibiotic-associated diarrhea?,1
"How important is the with food part of taking Effexor?""",1
Whats the best way to stop rectal bleeding?,2
How close to death was I?,1
What would a potential diagnosis be for someone whose nose is always plugged?,1
Do I really need a haemorrhoid operation?,1
FOR DOCTORS WHO'VE HAD PATIENTS ASKING FOR PSYCHOLOGIST REFERRALS: What should I expect?,1
Woke up with ringing sound in left ear :( afraid to sleep.,1
What causes quick shift of body temperature difference?,1
Intense pain up arms and in chest when sneezing,2
Chip Fracture in Finger. Dr. recommends removing splint and letting heal with light use. Is that okay?,1
"Skin lesions in pubic area, what could this possibly be?",1
What makes an otherwise healthy person unable to synthesize Vitamin D?,1
Where did my period go??,1
I get blood in my stool during bowel movement. What could be wrong besides hemmoroids?,2
Multiple weird spots in skin/bug bites. What could they be?,1
Something is stuck in my ear. How do I get it out?,1
"Hey r/AskDocs, I have ulcerative proctitis. Medication is $900 dollars and my parents are downstairs yelling about what to do financially.",1
[NSFW] Problem when ejaculating,1
Are there any major risks going to a concert at 38 weeks pregnant?,1
Help with pregnancy,1
What is Sepsis?,1
Unsure of what could be wrong with me,1
What's going on with my fingernail??,1
Any danger from cleaning roach killer? [23/m],1
How do I get a diagnosis removed from medical records,1
Vascular surgeon not board certified and has been practicing for 17 years?,1
What is this skin peeling disease called?,1
[31/m] How long before Bronchitis Cough goes away?,1
How do you determine cat scratch fever?,1
Does having high body temperature increase the burning sensation of scald? Can lowering it make burning fade?,1
Why does my penis have a fishy smell?,1
Occaisional heart(?) pain when i take deep breaths? What could it be?,2
How long is it normal to sleep for after injury?,1
What does 2+ on a urine protein test mean?,1
Why does my heart rate suddenly drop during first part of my run?,2
"Doctor said I can take Tylenol Cold for some symptoms and Benilyn for others, does he mean in combo?",1
Gallbladder pain. What can I take?,1
"Getting evaluated for ADD soon, what should I expect?",1
I fainted when I was 16 and never found out why,1
I may have taken some antibiotics closer together than I should?,1
can i be hero for those who need kidney?,1
Why did little red dots suddenly appear on me?,1
What is biting me?,1
My SO (25F) had a miscarriage but I'm not understanding and it's too painful for her to talk about. Can anyone help me?,1
"I have been eating right and exercisong, but I am gaining weight. What's going on???",1
Jaw surgery (Note:Why is nobody answering for the 4th time?),1
Rotor cuff strain: what are the steps to recovery?,1
"Exhaustion, coldness, nausea, heavy period, and food sensitivities. Any ideas?",2
How big can a cherry angioma become? Any way to remove it without scarring?,1
Mystery neurological/eye symptoms after many doctors visits. Any guesses?,1
HIV - best friend recent dx- what mental health advice can I give him. He's extremely stressed and I'm not an emotional person.,1
"Cervical Adenocarcinoma, What is a multifocal (skip) lesion?",1
What are the recommended medical procedures and remedies for erectile dysfunction?,1
"Suffering from chronic pain, any way to help?",1
How long after appendectomy can I have sex / masturbate,1
Where does the aluminum from antiperspirants go?,1
What does an antinuclear antibody mean?,1
How much bleeding from belly button is normal after gallbladder removal?,2
How often is safe to do 32 hours with no sleep?,1
Involuntary Movements. Tests for years. Please help me find out what's wrong with me!,1
My foot healed after a fracture but i'm limping how do I fix this?,1
What could cause white blood cells in the urine without any pain?,1
I have a question about the procedures for an autopsy and how Coronary Heart Failure is determined after death.,1
Diagnosis + treatment was unsuccessful. I don't know what to do now.,1
I've always had a runny nose as soon as it's getting cold outside. What could be the reason?,1
How long Should I keep replacing the bandage on a small cut ?,1
Iv'e been experiencing steadily worsening memory problems and i'm not sure what to do,1
Nose feels weird and dry after Nosebleed. how long will this last?,1
"Help with indigestion? (bloating, belching, burping)",2
"Yesterday, I took 2 Advil pills, then around my eyes started swallowing...How long might it take it to recover?",2
"Injured lower back and nearly passed out, what happened?",1
Would testicular varicose vein cause any difference with stds?,1
Reason(s) why I fainted? (Kind of long),1
Is there any risk that boric acid suppositories can cause infertility?,1
Do I need more D vitamin?,1
What are these spots near my bellybutton?,1
Please Help Mystery Illness,1
Why is LHR not classified as permanent removal when it supposedly kills the hair follicle?,1
How to stop spread of mysterious rash,1
Why does my throat feel cold when I eat or drink?,1
How to prove that I don't have headaches/ chest pain?,1
Broke my clavicle. How bad is it?,1
How can I clear up my skin quickly?,1
Itchy skin when I exercise,1
Help with Ear Infection,1
What are the complications involved with organ donations & suicide?,1
Hair follicles falling out,1
Need help identifying a specific tinea versicolor treatment,1
What are the symptoms or hypothyroidism or GHD or a hormonal imbalance,1
"Girlfriend suffering from hypoxic episodes, what specialist should she see?",3
"When I was a baby, I had a needle in my head, what was it for?",1
What are these red spots on the insides of my knees?,1
"Doctors, please help [ER].",1
I have a friend who suffers from SEVERE Chronic Masturbation how can I help him?,1
How to choose an orthopedist for knee replacement ?,1
What kind of OTC brace is useful for a chronic sprained ankle?,1
My stomach fills up with gas and Dr's cant find out why. Extremely painful,1
What is this random pain in my butt cheek?,1
Can anybody help identify this rash?,1
Just woke up forgetting how to breathe...,2
Where can I have G6PD blood testing done in Europe?,1
Why do my sneezes smell?,1
How much damage is city fumes and second hand smoke going to do to my health?,1
Can anyone identify this specific vertebra?,1
To what extent does exercise help in treatment for Parkinsons disease?,1
How long do sinus infections last?,1
What is included in a complete blood count?,1
Need advice on how to properly care for someone with dementia,1
Experiencing stomach discomfort and severe nausea. What should i do??,2
"Exhausted even with a healthy diet, exercise, and regular sleep regimen.",2
Viral Infection ( please read my situation and help me).. Please.,1
Whats this funky thing?,1
I just had an appendectomy how long before I can use tobacco?,1
Why did I throw up today?,1
"Feeling sick, need help. Picture and info inside",1
27M - When are you taking too many antibiotics?,1
What causes an entire household to suddenly have to ALL go on high blood pressure medicine?,1
How long after taking Cialis should I wait to take a Viagra,1
What's wrong with me?,1
HSV2 Help - PLEASE,1
Why does my body reject food at times?,1
"I sometimes randomly feel extremely nauseous and get a weird but good taste in my mouth, lasts for about a minute or so. What is this?",1
Persistent eye flutter. Optometrist said things are fine. What could it be?,1
Need help diagnosing chest pains.,3
Why/how am I so sensitive to marijuana? What's going on?,1
What is this cum like fluid and should i be worried,1
How long should I wait before taking oral laxatives again? I don't want my body to forget how to have a bowel movement.,1
Losing hair everyday.,1
"My dad has been exhausted, sore, and in pain every since coming back from a trip to South America.",2
Why am I not taller?,1
When I cough can I suppress the cough without any health risks? I am coughing because of a fever,1
Can Lack of Sleep Cause Headaches?,1
"I popped a blind pimple, what should i do next? Picture in description",1
Could someone tell me what is going on with the sole of my foot?,1
Stomach pain and nauseous what's wrong with me?,2
How to deal and manage migraine followed by vision loss and dizziness,1
How can i perform an Autologous blood transfusion (AKA Blood doping) at home?,1
"Boyfriend has moderate pain in his foot, doctor at an urgent care clinic prescribed tramadol before conclusively diagnosing any kind of cause. Is that common???",1
What are these bumps on my penis?,1
Whats this on my gums ?,1
What happens when you donate your body?,1
What is wrong with my poop?,1
Why does my leg hurt?,1
Does drinking lots of water negate negative effects of eating foods high in sodium?,1
Why is my friend with Grave's disease given a thyroid replacement drug if he already has hyperthyroidism??,1
Why do we cry in our sleep?,1
Girlfriend passed out 3 times yesterday and we don't know why.,1
BPH since High School??? Is that even possible? How concerned should I be?,1
please help (anal fistula surgery),1
Need Dr. Sherlock or even just a Dr. who gives a s#!*.,1
Why the heck are my balls swollen?,2
How much extra sleep with a cold?,1
"Can someone explain what happened to me? Near fainting, body dissociation",1
I drink 5-6 drinks per day. What health problems should I be worried about?,2
"How to find a radiologist to review MRI's, suspect veteran affairs report.",1
What's the least harmful way to forcefully lose weight?,1
Do you know what type of bug bite this is?,1
Concerned I may have damaged my junk by using cialis,1
Alopecia since 9 years old. What avenues of treatment are available to me?,1
Is exhaustion an actual medical diagnosis? If so what are the symptoms and treatment?,1
What can I safely take for insomnia if I take Klonopin during the day?,1
I have an appointment soon and I'm super nervous....(left testicle checked) ideas on what this is?,1
Why is MDD diagnosed after one major depressive episode if a major depressive episode could be symptomatic of bipolar II disorder?,1
Sharp pain under collarbone when breathing,1
25 y/o male who gets cold sores; kissing someone with an active cold sore,1
What are my chances of being HIV+?,1
Purplish area of skin near knee toward the back of my right thigh–any ideas of what it is (or what's causing it)?,1
Why is it so hard to get rid of fat?,1
Can I skip citalopram for 8 days?,1
Does untreated depression have any effects on ADHD treatment medication like Adderall or Methylphenidate?,1
CPRS Type 1? Trigeminal Neuralgia? Generic Nerve Damage? Shooting and burning pain in my jaw and extremities over 6 years after full jaw reconstruction surgery. WTF???,1
Can anyone explain the actual way minxodoil(rogaine) can cause rapid weight gain?,1
I flew out to Rio spontaneously and so didn't get any sort of jab (I'm from the UK). Any survival tips?,1
Is anyone here qualified to interpret an MRI?,1
How do I Get Rid of These Pains?,1
How bad is this? Do I need to see a doctor? I don't have access to medical care :(,1
Post open appendectomy followup- who to see?,1
"Ongoing evolving sickness for almost 3 weeks, whats up?",1
Wrists hurt while doing push-up,1
"I have cold symptoms each morning when i wake up (sore throat, nasal congestion, thick yellow/green mucus) but by midday they've all but disappeared. can anyone offer an explanation?",1
Could I just be dehydrated? Feeling like heart palpitations or flutters but not sure why.,2
"I have these moments where I suddenly lose all balance, the room starts spinning, I gain extreme nausea, and become extremely dizzy.",3
How long can i lift again?,1
How long do you estimate it will take before my meds fully work again?,1
"Reddit, I need your help making a decision.",0
What to do with my severely chapped lips?,1
What is wrong with my toenails?,1
Acute malignant o-WHAT?,2
What is the difference between arrhythmia mapping and an electrophsyiology study?,1
Everything going fast and sounds are loud,1
What are these scabs on my nipples? [21/F],1
"When I drink something, I pee a lot over the course of a couple hours. Not sure what's wrong.",1
Figured out I have Scintillating Scotoma. What kind of doctor should I see?,1
What is this bump?,1
"What kind of doctor should I see? Back, Hip, Hip flexor, buttocks, and thigh pain.",1
"I went fishing in tall grass. About 6 hours later, I found a deer tick imbedded in my abdomen. What should I do?",1
Does taking sleeping pills decrease quality of sleep?,1
What's the Safe time interval between switching painkillers (Ibuprofen and Paracetamol)?,1
How long between the first two doses of the Hep B vaccine?,1
What are the possible consequences of long term use of pregabalin?,1
How quickly can nail bed clubbing disappear?,1
Approaching hemorrhoid surgery but can't eat fiber,1
"Endocrine/Thyroid issues, how to tell what's causing what?",1
"doctors of reddit my mother feels a sharp pain at the top of her foot and like electricity slowly growing, what should i do?",1
Wtf the wrong with my face?,1
How to do my due dilligence before surgery? Sinus surgery next month.,1
Weird stomach problem please read,1
"HSV Test Results, please help",1
When I am tired I have relatively strong nausea and feel like I may faint at any moment,2
"How big is the chance of catching an untreatable bacteria while traveling to Thailand, coming from europe?",1
"I take a fair amount of prescription medications daily, what foods, supplements, nootropics, and things of the sort should I avoid?",1
What else can I do to eliminate/reduce my debilitating anxiety?,1
Extreme (scary) confusion when tired,2
Can you have Crohn with normal endoscopy macroscopic appearance ?,1
Doctor wants me to take Nexium and Pepcid daily. What's the most effective way to do this?,1
What do you think about this psychiatrist?,1
How long can my friend live without taking medication for his kidney transplant?,1
Why am I smelling laundry detergent?,1
What just came out of my nose??,1
What is this lump on my testicle?,2
How can I stop clenching my teeth?,1
How do referrals to a specialist work?,1
Blew my nose and instantly felt dizzy and fell to the left side. What the living hell happened?,1
What does a clear abdominal CAT scan rule out?,1
How Serious is High Tryptase?,1
I am sick but can't afford a doctor. Any home remedies?,1
What is this pattern on my skin?,1
Twitching feeling when bending knee.,1
"Kidney infection, how serious?",2
What is recorded when examining penis during physical exam?,1
I think I have depression and anxiety together. How can I help myself?,1
Does anyone have experience dealing with tics in children?,1
Blue dots all over body what ARE they? (pics),1
Cervical spine problems (MRI results inside) - what do they mean for my future?,1
"Colorectal appointment, what to expect?",1
How much does it cost to walk into a hospital and get checked for oral cancer without insurance?,1
How do I get this painful canker sore to go away?!?,1
What is this rash?,1
Good creams I can use inside and buy against yeast?,1
What can I do to help prevent waking up from pain?,1
Advice on how to help a depressed person.,1
What are these painless bumps in my genital area?,1
Possible gallbladder attack? What questions/info to give my doctor tomorrow,1
I'm losing track of time. What's going on?,2
How do I avoid addiction on a long term prescription?,1
Constipation (or not?) - what to do next,1
"[URGENT] please help, having hallucinations, please tell me it's the medicine I'm on",2
Hard to take pills...... any suggestions to make it easier?,1
"I had a fasting blood test, i don't trust my family doctor can anyone please tell me is everything normal? Thanks. (Worried for diabetes)",1
Sudden rapid heartbeat / what feels like palpitations.,2
"GF Has esophageal trush, she is terrified.",1
Where do they treat arytenoid luxation?,2
What's going on with my eye?,1
What's causing my abnormal poos?,1
Does having a pet impact a newborn in anyway?,1
"My boyfriend just ate two large pieces of raw chicken, what should we do?",1
How soon can I drink alcohol after taking one Klonopin?,1
Why would an adult continuously get impetigo?,1
21 year old male. Headache for past week. Started out really bad. Now just bothersome. What do?,1
When I fall asleep my body shakes and jerks until I get into deep sleep. I also do this when I'm awake. What is going on?,2
Can you use birth control pills to induce period/withdrawal bleeding,1
How to responsibly take advantage of maxed deductible?,0
Is there any evidence that typhoid or dengue fever have secondary side effects at one year intervals after the first instance of the disease,1
"Found this on my scalp, any idea what it is?",1
What does 'A small population of cells with dim CD45 expression is present' Mean alongside elevated monocytes? Having trouble interpreting a lab report.,1
Baby has been hitting side of her head since birth,1
What is this swelling/inflammation on my face?,1
[Genitals] What is this bump on the shaft of my penis,1
What vitamins/nutrient supplements should be eaten daily for a 21M with poor dieting.,1
How longer after worming treatment is it safe to have sex?,1
How should I care for my broken tooth before I can see a dentist?,1
"M, 22, Recent bouts of what I think is acid reflux?",1
Can a couple get Chlamydia if they haven't had any other sexual partners and both were clean?,1
How do I get bugs out of my ears?,1
"Sex with woman who had genital warts, what can I do now?",1
Gassy situation. Any input appreciated.,1
What does doxycycline treat?,1
What is wrong with my stool? NSFW,1
How can I gain weight?,1
What causes back spasms?,1
Can anyone tell me what this sensation is?,1
"How long should a sufferer of Baxter's nerve entrapment continue his conservative/stretching treatment program, before attempting more invasive treatments to stop the pain? Share sources if possible.",1
What is the prognosis for babies with plagiocephaly and/or brachycephaly? Does it (largely) resolve by itself?,1
Ingrown hair removal,1
What am I allergic to in dogs?,1
How long should vitamin d help?,1
"Weird back strain, what could cause it?",1
How effective is acupuncture?,1
"Two months without period, very weird symptoms: What could this be?",1
Why am I unable to eat?,2
Cut my foot open on a razor blade and I'm unsure what to do with it now.,1
Why do I almost always wake up 8-9AM?,1
Gastric? Autoimmune? What is going on?,1
Lower back muscle strain - how to recover?,1
"Having extreme anxiety about something. Can I PM someone, anyone?",1
What is wrong with my eye? Help!,1
Why do I get a distortion in my vision when I'm looking at a computer monitor?,1
What bit me? Very itchy and slightly painful at times. (pic included),1
I noticed a white thing appeared on my lip (sort of where my lips touch not visible from outside) what is it? (Photo link inside),1
"Can you explain what ""fragments of disordered proliferative endometrium"" means?",1
What are these small painful slits on my girlfriends hands?,1
"Do people who are closely related (sibling, parent/child) generally react to medications the same?",1
What happened to me? Did I go into shock?,1
Why does my fingertip sting?,1
What did I just do to my arm (post-workout ),1
"If I can't get HIV from Kissing with Huge Cuts in my mouth, then why not?",1
how common/likely is it for someone to get a throat infection after having unprotected oral sex (gave the girl cunnilingus) with a prostitute?,1
Looking for advice on how to deal with Churg Strauss Syndrome,1
"So went in for an EKG test, results came out normal, but I can tell but feel there's something wrong. Any advice?",1
Why can't I stop burping an hour or two after I wake up?,1
Why does pain go away after squeezing the heck out of a spot where you feel pain?,1
Firm penis when flaccid,2
What's the best way to go about finding a personal physician who's the bets match for me?,1
Any ideas what is causing my symptoms?,1
How much difference will it make to swelling/healing by not taking a prescription steroid after a surgery?,1
Random clinic doc said I have low sugar problem. I'm not diabetic - what is there to do?,1
How long after antibiotic til you can be retested for infection?,1
Are there any health benefits to drinking distilled apple cider vinegar?,1
[24 male] How to stop tremer?,1
How long is break through bleeding on birth control normal?,1
What's going on with this protruding muscle in my shin...,1
Any pediatric neurologists or psychiatrists around?,1
I smoke and drink. Trying to get life insurance. How screwed am I?,1
Why did bruises occur under my eyes when i broke my nose yesterday?,1
What do these notes on my ECG mean?,1
What is this weird patch on my head..,1
Have CPAP machine but oxygen levels still dropping below 88% at night. Constant swollen face and body after sleeping. What could be the problem?,3
What ways are there to lessen the impact of Exercise Induced Asthma?,1
"What type of doctor should I go to, to get a painful lump diagnosed?",1
How likely that I have cancer given my recent blood work results?,1
Why do I [18F] bruise so easily?,1
Severe pain and Itching on stomach where liver is located.,2
24/F Why do I keep getting conjunctivitis when I have a bad cold?,1
Just how serious are transient ischemic attacks (TIA's)?,2
Anyone know what this brown spot may be? I saw it and automatically think skin cancer,1
Few things ailing me. Doctor appointment on Monday. Any ideas what's up?,1
Do I need mental help?,1
The skin around my nails are damaged because of my nail biting habit. What do I do?,1
Why don't they take pulses from the chest? [serious question],1
Scrotum bump? please help...,1
"[Serious] Doctors of reddit, is there any new breakthroughs of treatment for osteogenesisimperfecta?",1
What damage has been done to my sinuses?,1
"How do the following medications affect hormone levels: Adderall, Celexa, Gabapentin?",1
What are the potential health risks of wearing maxi pads too frequently? (NSFW),1
"Recently, I have been getting headaches after masturbating. What is happening?",1
I'm curious. What does a clean STD microscope slide look like?,1
How complicated is it to remove extra nipples?,1
Wondering what type of rash this is (pic inside),1
"2 months of feeling Sick, i have exams coming up. i NEED to be better! what is it?!",1
How to take care of dressing after a lanced boil procedure where boil is packed?,1
Odd pain sensitivity from someone who was a professional pain-taker,1
Why is my ear shaped this way?,1
"Pretty extreme pain and discomfort during every period, it gets worse and worse each month, what is wrong with me?",1
Messed up sleep schedules,1
Diabetic Father is getting 'burning' sensation in his palms / hands and feet especially at night. Any Pre Consult Advice?,1
"Struggling to pass gas due to loose stool blocking the way, what can I do?",1
What are the vaccinations I need before I start college?,1
Why do I get Laryngospasms and are they hereditary?,3
Strange symptoms after cocaine use. Did I do damage or am I being paranoid?,1
"r/askdocs, what are your opinions on ayurvedic doctors?",1
"Almost burned my eye today, but luckily didn't. So, what would have happened if I actually did?",1
How to fix wisdom tooth headaches? 22/male,1
What should I do to help heal this burn?,1
At what threshold of blood oxygen saturation does ANY sort of brain damage start? 25M,1
Need help with unknown condition.,1
"Pulled a lower back muscle, how to treat?",1
"Overdosed on anti depressants as a teen, strange hallucinations ever since, what could be going on?",1
How long can you ignore type 2 diabetes?,1
"Recurring bladder infections, don't know what to do",1
My estranged husband has been diagnosed with Medulloblastoma. Can someone answer my questions?,1
Why isn't L-Arginine pushed more for circulation issues?,1
What type of doctor can remove a bartholin gland cyst,1
How can I fix this in the least dangerous way possible?,1
"Previously ""cleared"" of hepatitis C 3 years ago. Antibody test at physical this week returned positive result. How concerned should I be?",1
Help with H.pylori,1
How can I get my adiponectin levels checked?,1
Why can't I feel my penis?,2
How worried should I be about oral cancer?,1
Can bacterial tonsilitis go away without antibiotics?,1
How common is HSV encephalitis? 23F with HSV1,1
What to do if stitches come loose?,1
How to help an infected cyst?,1
What exactly is this?? A wart???,1
How much does lack of sleep affect growth in teenagers?,1
What Will MRI and MRA Show?,1
High Cholesterol at 21: Been to several physician unsure what to do?!,1
Last night I was paralyzed in bed for a brief time. Can somebody please explain why?,1
How long do I wait with back pain?,1
Can anyone take a look at this bump on my back?,1
"Chronic sprained wrist, seen a doctor etc, hurts in biceps too and rarely past shoulder; what exercises do you recommend?",1
how do you recognize somebody with anorexia?,1
My peripheral vision is better than my normal vision?? What is this??,1
[22M] Two new moles where I got sunburnt,1
How dangerous is it to use Debrox after its expiration date?,1
Please help figure out what's causing my abdominal pain.,1
What's causing my groin pain?,1
"39yo male sent home from hospital after being told I have a brain aneurysm. Symptoms still persist, not sure what to do next.",1
